Backend source 431e09d (unchanged in 8074e88); release image sha256:7fe0b71e2c2d5e87e7e36e1ded9deaeab9f74995b9ae965497c3547dba8401e3
No changes detected
Operations to perform:
  Apply all migrations: academics, admin, audit, auth, backup_center, bulk, contenttypes, django_celery_beat, notifications, rotations, sessions, supervision, token_blacklist, training, users
Running migrations:
  Applying academics.0001_initial... OK
  Applying rotations.0001_initial... OK
  Applying rotations.0002_initial... OK
  Applying contenttypes.0001_initial... OK
  Applying contenttypes.0002_remove_content_type_name... OK
  Applying auth.0001_initial... OK
  Applying auth.0002_alter_permission_name_max_length... OK
  Applying auth.0003_alter_user_email_max_length... OK
  Applying auth.0004_alter_user_username_opts... OK
  Applying auth.0005_alter_user_last_login_null... OK
  Applying auth.0006_require_contenttypes_0002... OK
  Applying auth.0007_alter_validators_add_error_messages... OK
  Applying auth.0008_alter_user_username_max_length... OK
  Applying auth.0009_alter_user_last_name_max_length... OK
  Applying auth.0010_alter_group_name_max_length... OK
  Applying auth.0011_update_proxy_permissions... OK
  Applying auth.0012_alter_user_first_name_max_length... OK
  Applying users.0001_initial... OK
  Applying academics.0002_initial... OK
  Applying training.0001_initial... OK
  Applying training.0002_phase6_academic_core... OK
  Applying training.0003_residenttrainingrecord_has_default_dates... OK
  Applying training.0004_historicalresidenttrainingrecord_has_default_dates... OK
  Applying training.0005_logbookentry_logbookthresholdconfig_and_more... OK
  Applying training.0006_alter_historicalrotationassignment_options_and_more... OK
  Applying training.0007_alter_historicalresidentresearchproject_supervisor_and_more... OK
  Applying rotations.0003_alter_hospitaldepartment_options... OK
  Applying academics.0003_remove_studentprofile_batch_and_more... OK
  Applying academics.0004_alter_department_head... OK
  Applying academics.0005_specialty_institution_designation_academicsession... OK
  Applying rotations.0004_hospital_institution... OK
  Applying users.0002_alter_historicaluser_role_and_more... OK
  Applying users.0003_alter_historicaluser_year_alter_user_year... OK
  Applying users.0004_data_correction_flags... OK
  Applying users.0005_historicaluser_data_quality_and_index_names... OK
  Applying users.0006_alter_departmentmembership_options_and_more... OK
  Applying users.0007_adminprofile_historicaladminprofile_and_more... OK
  Applying users.0008_alter_historicalresidentprofile_academic_session_ref_and_more... OK
  Applying users.0009_delete_supervisorresidentlink... OK
  Applying academics.0006_residenttrainingrecord_supervisorreviewqueueitem_and_more... OK
  Applying academics.0007_logbookentry_procedurerecord_and_more... OK
  Applying academics.0008_alter_historicalsupervisorreviewqueueitem_queue_type_and_more... OK
  Applying training.0008_add_academics_bridge_fields... OK
  Applying academics.0009_add_training_record_new... OK
  Applying academics.0010_link_training_record_new... OK
  Applying academics.0011_finalize_training_record_retarget... OK
  Applying academics.0012_drop_academics_resident_training_record... OK
  Applying admin.0001_initial... OK
  Applying admin.0002_logentry_remove_auto_add... OK
  Applying admin.0003_logentry_add_action_flag_choices... OK
  Applying audit.0001_initial... OK
  Applying audit.0002_initial... OK
  Applying backup_center.0001_initial... OK
  Applying backup_center.0002_schema_drift_repair... OK
  Applying backup_center.0003_backupjob_cloud_bucket_backupjob_cloud_checksum_and_more... OK
  Applying backup_center.0004_alter_backupauditlog_action... OK
  Applying backup_center.0005_backupcloudconnection_alter_backupauditlog_action_and_more... OK
  Applying bulk.0001_initial... OK
  Applying bulk.0002_initial... OK
  Applying bulk.0003_historicalmappingpreset_and_more... OK
  Applying django_celery_beat.0001_initial... OK
  Applying django_celery_beat.0002_auto_20161118_0346... OK
  Applying django_celery_beat.0003_auto_20161209_0049... OK
  Applying django_celery_beat.0004_auto_20170221_0000... OK
  Applying django_celery_beat.0005_add_solarschedule_events_choices... OK
  Applying django_celery_beat.0006_auto_20180322_0932... OK
  Applying django_celery_beat.0007_auto_20180521_0826... OK
  Applying django_celery_beat.0008_auto_20180914_1922... OK
  Applying django_celery_beat.0006_auto_20180210_1226... OK
  Applying django_celery_beat.0006_periodictask_priority... OK
  Applying django_celery_beat.0009_periodictask_headers... OK
  Applying django_celery_beat.0010_auto_20190429_0326... OK
  Applying django_celery_beat.0011_auto_20190508_0153... OK
  Applying django_celery_beat.0012_periodictask_expire_seconds... OK
  Applying django_celery_beat.0013_auto_20200609_0727... OK
  Applying django_celery_beat.0014_remove_clockedschedule_enabled... OK
  Applying django_celery_beat.0015_edit_solarschedule_events_choices... OK
  Applying django_celery_beat.0016_alter_crontabschedule_timezone... OK
  Applying django_celery_beat.0017_alter_crontabschedule_month_of_year... OK
  Applying django_celery_beat.0018_improve_crontab_helptext... OK
  Applying django_celery_beat.0019_alter_periodictasks_options... OK
  Applying notifications.0001_initial... OK
  Applying notifications.0002_initial... OK
  Applying notifications.0003_mobile_push... OK
  Applying notifications.0004_rename_notificatio_user_id_9df594_idx_notificatio_user_id_41244e_idx... OK
  Applying sessions.0001_initial... OK
  Applying users.0010_add_specialty_ref... OK
  Applying users.0011_backfill_specialty_ref... OK
  Applying users.0012_finalize_specialty_fk... OK
  Applying users.0013_alter_historicaluser_specialty_alter_user_specialty... OK
  Applying supervision.0001_initial... OK
  Applying supervision.0002_pendingsupervisorassignment... OK
  Applying token_blacklist.0001_initial... OK
  Applying token_blacklist.0002_outstandingtoken_jti_hex... OK
  Applying token_blacklist.0003_auto_20171017_2007... OK
  Applying token_blacklist.0004_auto_20171017_2013... OK
  Applying token_blacklist.0005_remove_outstandingtoken_jti... OK
  Applying token_blacklist.0006_auto_20171017_2113... OK
  Applying token_blacklist.0007_auto_20171017_2214... OK
  Applying token_blacklist.0008_migrate_to_bigautofield... OK
  Applying token_blacklist.0010_fix_migrate_to_bigautofield... OK
  Applying token_blacklist.0011_linearizes_history... OK
  Applying token_blacklist.0012_alter_outstandingtoken_user... OK
  Applying token_blacklist.0013_alter_blacklistedtoken_options_and_more... OK
  Applying training.0009_add_training_year_notes... OK
  Applying training.0010_add_actual_end_date... OK
  Applying training.0011_leaverequest_client_request_id... OK
  Applying training.0012_alter_historicalleaverequest_client_request_id... OK
  Applying users.0014_historicalresidentprofile_declaration_accepted_and_more... OK
  Applying users.0015_historicalresidentprofile_review_note_and_more... OK
System check identified no issues (0 silenced).
Found 928 test(s).
Creating test database for alias 'default' ('/tmp/test-verification.sqlite3')...
Destroying old test database for alias 'default' ('/tmp/test-verification.sqlite3')...
Operations to perform:
  Synchronize unmigrated apps: corsheaders, crispy_bootstrap5, crispy_forms, django_filters, drf_spectacular, humanize, import_export, messages, postgres, rest_framework, rest_framework_simplejwt, simple_history, staticfiles, widget_tweaks
  Apply all migrations: academics, admin, audit, auth, backup_center, bulk, contenttypes, django_celery_beat, notifications, rotations, sessions, supervision, token_blacklist, training, users
Synchronizing apps without migrations:
  Creating tables...
    Running deferred SQL...
Running migrations:
  Applying academics.0001_initial... OK
  Applying rotations.0001_initial... OK
  Applying rotations.0002_initial... OK
  Applying contenttypes.0001_initial... OK
  Applying contenttypes.0002_remove_content_type_name... OK
  Applying auth.0001_initial... OK
  Applying auth.0002_alter_permission_name_max_length... OK
  Applying auth.0003_alter_user_email_max_length... OK
  Applying auth.0004_alter_user_username_opts... OK
  Applying auth.0005_alter_user_last_login_null... OK
  Applying auth.0006_require_contenttypes_0002... OK
  Applying auth.0007_alter_validators_add_error_messages... OK
  Applying auth.0008_alter_user_username_max_length... OK
  Applying auth.0009_alter_user_last_name_max_length... OK
  Applying auth.0010_alter_group_name_max_length... OK
  Applying auth.0011_update_proxy_permissions... OK
  Applying auth.0012_alter_user_first_name_max_length... OK
  Applying users.0001_initial... OK
  Applying academics.0002_initial... OK
  Applying training.0001_initial... OK
  Applying training.0002_phase6_academic_core... OK
  Applying training.0003_residenttrainingrecord_has_default_dates... OK
  Applying training.0004_historicalresidenttrainingrecord_has_default_dates... OK
  Applying training.0005_logbookentry_logbookthresholdconfig_and_more... OK
  Applying training.0006_alter_historicalrotationassignment_options_and_more... OK
  Applying training.0007_alter_historicalresidentresearchproject_supervisor_and_more... OK
  Applying rotations.0003_alter_hospitaldepartment_options... OK
  Applying academics.0003_remove_studentprofile_batch_and_more... OK
  Applying academics.0004_alter_department_head... OK
  Applying academics.0005_specialty_institution_designation_academicsession... OK
  Applying rotations.0004_hospital_institution... OK
  Applying users.0002_alter_historicaluser_role_and_more... OK
  Applying users.0003_alter_historicaluser_year_alter_user_year... OK
  Applying users.0004_data_correction_flags... OK
  Applying users.0005_historicaluser_data_quality_and_index_names... OK
  Applying users.0006_alter_departmentmembership_options_and_more... OK
  Applying users.0007_adminprofile_historicaladminprofile_and_more... OK
  Applying users.0008_alter_historicalresidentprofile_academic_session_ref_and_more... OK
  Applying users.0009_delete_supervisorresidentlink... OK
  Applying academics.0006_residenttrainingrecord_supervisorreviewqueueitem_and_more... OK
  Applying academics.0007_logbookentry_procedurerecord_and_more... OK
  Applying academics.0008_alter_historicalsupervisorreviewqueueitem_queue_type_and_more... OK
  Applying training.0008_add_academics_bridge_fields... OK
  Applying academics.0009_add_training_record_new... OK
  Applying academics.0010_link_training_record_new... OK
  Applying academics.0011_finalize_training_record_retarget... OK
  Applying academics.0012_drop_academics_resident_training_record... OK
  Applying admin.0001_initial... OK
  Applying admin.0002_logentry_remove_auto_add... OK
  Applying admin.0003_logentry_add_action_flag_choices... OK
  Applying audit.0001_initial... OK
  Applying audit.0002_initial... OK
  Applying backup_center.0001_initial... OK
  Applying backup_center.0002_schema_drift_repair... OK
  Applying backup_center.0003_backupjob_cloud_bucket_backupjob_cloud_checksum_and_more... OK
  Applying backup_center.0004_alter_backupauditlog_action... OK
  Applying backup_center.0005_backupcloudconnection_alter_backupauditlog_action_and_more... OK
  Applying bulk.0001_initial... OK
  Applying bulk.0002_initial... OK
  Applying bulk.0003_historicalmappingpreset_and_more... OK
  Applying django_celery_beat.0001_initial... OK
  Applying django_celery_beat.0002_auto_20161118_0346... OK
  Applying django_celery_beat.0003_auto_20161209_0049... OK
  Applying django_celery_beat.0004_auto_20170221_0000... OK
  Applying django_celery_beat.0005_add_solarschedule_events_choices... OK
  Applying django_celery_beat.0006_auto_20180322_0932... OK
  Applying django_celery_beat.0007_auto_20180521_0826... OK
  Applying django_celery_beat.0008_auto_20180914_1922... OK
  Applying django_celery_beat.0006_auto_20180210_1226... OK
  Applying django_celery_beat.0006_periodictask_priority... OK
  Applying django_celery_beat.0009_periodictask_headers... OK
  Applying django_celery_beat.0010_auto_20190429_0326... OK
  Applying django_celery_beat.0011_auto_20190508_0153... OK
  Applying django_celery_beat.0012_periodictask_expire_seconds... OK
  Applying django_celery_beat.0013_auto_20200609_0727... OK
  Applying django_celery_beat.0014_remove_clockedschedule_enabled... OK
  Applying django_celery_beat.0015_edit_solarschedule_events_choices... OK
  Applying django_celery_beat.0016_alter_crontabschedule_timezone... OK
  Applying django_celery_beat.0017_alter_crontabschedule_month_of_year... OK
  Applying django_celery_beat.0018_improve_crontab_helptext... OK
  Applying django_celery_beat.0019_alter_periodictasks_options... OK
  Applying notifications.0001_initial... OK
  Applying notifications.0002_initial... OK
  Applying notifications.0003_mobile_push... OK
  Applying notifications.0004_rename_notificatio_user_id_9df594_idx_notificatio_user_id_41244e_idx... OK
  Applying sessions.0001_initial... OK
  Applying users.0010_add_specialty_ref... OK
  Applying users.0011_backfill_specialty_ref... OK
  Applying users.0012_finalize_specialty_fk... OK
  Applying users.0013_alter_historicaluser_specialty_alter_user_specialty... OK
  Applying supervision.0001_initial... OK
  Applying supervision.0002_pendingsupervisorassignment... OK
  Applying token_blacklist.0001_initial... OK
  Applying token_blacklist.0002_outstandingtoken_jti_hex... OK
  Applying token_blacklist.0003_auto_20171017_2007... OK
  Applying token_blacklist.0004_auto_20171017_2013... OK
  Applying token_blacklist.0005_remove_outstandingtoken_jti... OK
  Applying token_blacklist.0006_auto_20171017_2113... OK
  Applying token_blacklist.0007_auto_20171017_2214... OK
  Applying token_blacklist.0008_migrate_to_bigautofield... OK
  Applying token_blacklist.0010_fix_migrate_to_bigautofield... OK
  Applying token_blacklist.0011_linearizes_history... OK
  Applying token_blacklist.0012_alter_outstandingtoken_user... OK
  Applying token_blacklist.0013_alter_blacklistedtoken_options_and_more... OK
  Applying training.0009_add_training_year_notes... OK
  Applying training.0010_add_actual_end_date... OK
  Applying training.0011_leaverequest_client_request_id... OK
  Applying training.0012_alter_historicalleaverequest_client_request_id... OK
  Applying users.0014_historicalresidentprofile_declaration_accepted_and_more... OK
  Applying users.0015_historicalresidentprofile_review_note_and_more... OK
System check identified no issues (0 silenced).
test_admin_can_create_training_record_via_api (sims.academics.tests.AcademicsFoundationTests.test_admin_can_create_training_record_via_api) ... /home/sims/.local/lib/python3.11/site-packages/django/core/handlers/base.py:61: UserWarning: No directory at: /tmp/repo/backend/staticfiles/
  mw_instance = middleware(adapted_handler)
ok
test_brick11_monitoring_and_reports (sims.academics.tests.AcademicsFoundationTests.test_brick11_monitoring_and_reports) ... Forbidden: /api/academics/monitoring/admin-dashboard/
Forbidden: /api/academics/monitoring/supervisor-dashboard/
Forbidden: /api/academics/monitoring/departments/
ok
test_brick12_health_check_and_security_audit (sims.academics.tests.AcademicsFoundationTests.test_brick12_health_check_and_security_audit) ... Unauthorized: /api/academics/monitoring/admin-dashboard/
Forbidden: /api/academics/monitoring/admin-dashboard/
Forbidden: /api/academics/reports/resident-progress/
Forbidden: /api/academics/reports/resident-progress/2/
ok
test_create_training_record_prefills_profile_fields (sims.academics.tests.AcademicsFoundationTests.test_create_training_record_prefills_profile_fields) ... ok
test_data_quality_endpoint_reports_missing_training_record (sims.academics.tests.AcademicsFoundationTests.test_data_quality_endpoint_reports_missing_training_record) ... ok
test_evaluation_submission_and_review_workflow (sims.academics.tests.AcademicsFoundationTests.test_evaluation_submission_and_review_workflow) ... ok
test_logbook_entry_and_verification_workflow (sims.academics.tests.AcademicsFoundationTests.test_logbook_entry_and_verification_workflow) ... ok
test_only_one_active_training_record_per_resident (sims.academics.tests.AcademicsFoundationTests.test_only_one_active_training_record_per_resident) ... ok
test_progress_summaries_and_data_quality_checks (sims.academics.tests.AcademicsFoundationTests.test_progress_summaries_and_data_quality_checks) ... ok
test_resident_can_view_own_academic_summary (sims.academics.tests.AcademicsFoundationTests.test_resident_can_view_own_academic_summary) ... ok
test_review_queue_item_flow (sims.academics.tests.AcademicsFoundationTests.test_review_queue_item_flow) ... ok
test_seed_command_is_idempotent_minimum (sims.academics.tests.AcademicsFoundationTests.test_seed_command_is_idempotent_minimum) ... ok
test_seed_workflows_command (sims.academics.tests.AcademicsFoundationTests.test_seed_workflows_command) ... ok
test_supervisor_can_only_view_assigned_resident_summary (sims.academics.tests.AcademicsFoundationTests.test_supervisor_can_only_view_assigned_resident_summary) ... Forbidden: /api/academics/residents/5/summary/
ok
test_support_staff_cannot_mutate_training_records (sims.academics.tests.AcademicsFoundationTests.test_support_staff_cannot_mutate_training_records) ... Forbidden: /api/academics/training-records/
ok
test_decrypt_with_wrong_key_fails (sims.backup_center.test_encryption_coverage.EncryptDecryptFileTests.test_decrypt_with_wrong_key_fails) ... ok
test_roundtrip (sims.backup_center.test_encryption_coverage.EncryptDecryptFileTests.test_roundtrip) ... ok
test_decrypt_none_raises (sims.backup_center.test_encryption_coverage.EncryptDecryptStringTests.test_decrypt_none_raises) ... ok
test_decrypt_with_wrong_key_fails (sims.backup_center.test_encryption_coverage.EncryptDecryptStringTests.test_decrypt_with_wrong_key_fails) ... ok
test_encrypt_none_raises (sims.backup_center.test_encryption_coverage.EncryptDecryptStringTests.test_encrypt_none_raises) ... ok
test_roundtrip (sims.backup_center.test_encryption_coverage.EncryptDecryptStringTests.test_roundtrip) ... ok
test_different_raw_keys_yield_different_derived_keys (sims.backup_center.test_encryption_coverage.GetEncryptionKeyTests.test_different_raw_keys_yield_different_derived_keys) ... ok
test_falls_back_to_django_settings (sims.backup_center.test_encryption_coverage.GetEncryptionKeyTests.test_falls_back_to_django_settings) ... ok
test_nonexistent_key_file_path_is_ignored (sims.backup_center.test_encryption_coverage.GetEncryptionKeyTests.test_nonexistent_key_file_path_is_ignored) ... ok
test_raises_when_no_key_configured_anywhere (sims.backup_center.test_encryption_coverage.GetEncryptionKeyTests.test_raises_when_no_key_configured_anywhere) ... ok
test_reads_from_environment_variable (sims.backup_center.test_encryption_coverage.GetEncryptionKeyTests.test_reads_from_environment_variable) ... ok
test_reads_from_key_file_when_env_var_absent (sims.backup_center.test_encryption_coverage.GetEncryptionKeyTests.test_reads_from_key_file_when_env_var_absent) ... ok
test_provider_exception_marks_failed (sims.backup_center.test_services_cloud_orchestration.DownloadBackupFromCloudServiceTests.test_provider_exception_marks_failed) ... Cloud download failed: not found remotely
Traceback (most recent call last):
  File "/tmp/repo/backend/sims/backup_center/services.py", line 997, in download_backup_from_cloud_service
    provider.download_backup(backup_job, str(dest_file_path))
  File "/usr/local/lib/python3.11/unittest/mock.py", line 1124, in __call__
    return self._mock_call(*args, **kwargs)
           ^^^^^^^^^^^^^^^^^^^^^^^^^^^^^^^^
  File "/usr/local/lib/python3.11/unittest/mock.py", line 1128, in _mock_call
    return self._execute_mock_call(*args, **kwargs)
           ^^^^^^^^^^^^^^^^^^^^^^^^^^^^^^^^^^^^^^^^
  File "/usr/local/lib/python3.11/unittest/mock.py", line 1183, in _execute_mock_call
    raise effect
RuntimeError: not found remotely
ok
test_raises_when_no_cloud_object_key (sims.backup_center.test_services_cloud_orchestration.DownloadBackupFromCloudServiceTests.test_raises_when_no_cloud_object_key) ... ok
test_success_updates_file_path (sims.backup_center.test_services_cloud_orchestration.DownloadBackupFromCloudServiceTests.test_success_updates_file_path) ... ok
test_continues_after_individual_delete_failure (sims.backup_center.test_services_cloud_orchestration.EnforceCloudRetentionPolicyTests.test_continues_after_individual_delete_failure) ... Failed to delete remote objects for job 2: remote error
Failed to delete remote objects for job 1: remote error
ok
test_deletes_backups_beyond_retention_limit (sims.backup_center.test_services_cloud_orchestration.EnforceCloudRetentionPolicyTests.test_deletes_backups_beyond_retention_limit) ... ok
test_disabled_by_default (sims.backup_center.test_services_cloud_orchestration.EnforceCloudRetentionPolicyTests.test_disabled_by_default) ... ok
test_keeps_all_backups_within_limit (sims.backup_center.test_services_cloud_orchestration.EnforceCloudRetentionPolicyTests.test_keeps_all_backups_within_limit) ... ok
test_local_provider_raises_and_marks_failed (sims.backup_center.test_services_cloud_orchestration.UploadBackupToCloudServiceTests.test_local_provider_raises_and_marks_failed) ... Cloud upload failed: Cloud backup is not enabled or set to local.
Traceback (most recent call last):
  File "/tmp/repo/backend/sims/backup_center/services.py", line 925, in upload_backup_to_cloud_service
    raise ValueError("Cloud backup is not enabled or set to local.")
ValueError: Cloud backup is not enabled or set to local.
ok
test_provider_exception_marks_job_failed_and_reraises (sims.backup_center.test_services_cloud_orchestration.UploadBackupToCloudServiceTests.test_provider_exception_marks_job_failed_and_reraises) ... Cloud upload failed: network timeout
Traceback (most recent call last):
  File "/tmp/repo/backend/sims/backup_center/services.py", line 928, in upload_backup_to_cloud_service
    res = provider.upload_backup(backup_job)
          ^^^^^^^^^^^^^^^^^^^^^^^^^^^^^^^^^^
  File "/usr/local/lib/python3.11/unittest/mock.py", line 1124, in __call__
    return self._mock_call(*args, **kwargs)
           ^^^^^^^^^^^^^^^^^^^^^^^^^^^^^^^^
  File "/usr/local/lib/python3.11/unittest/mock.py", line 1128, in _mock_call
    return self._execute_mock_call(*args, **kwargs)
           ^^^^^^^^^^^^^^^^^^^^^^^^^^^^^^^^^^^^^^^^
  File "/usr/local/lib/python3.11/unittest/mock.py", line 1183, in _execute_mock_call
    raise effect
RuntimeError: network timeout
ok
test_success_updates_job_and_logs_audit (sims.backup_center.test_services_cloud_orchestration.UploadBackupToCloudServiceTests.test_success_updates_job_and_logs_audit) ... ok
test_verification_failure_marks_job_failed (sims.backup_center.test_services_cloud_orchestration.UploadBackupToCloudServiceTests.test_verification_failure_marks_job_failed) ... Cloud upload failed: Uploaded remote object checksum or existence verification failed.
Traceback (most recent call last):
  File "/tmp/repo/backend/sims/backup_center/services.py", line 952, in upload_backup_to_cloud_service
    raise ValueError("Uploaded remote object checksum or existence verification failed.")
ValueError: Uploaded remote object checksum or existence verification failed.
ok
test_returns_false_on_provider_exception (sims.backup_center.test_services_cloud_orchestration.VerifyCloudBackupServiceTests.test_returns_false_on_provider_exception) ... Cloud verification failed: boom
Traceback (most recent call last):
  File "/tmp/repo/backend/sims/backup_center/services.py", line 1036, in verify_cloud_backup_service
    is_valid = provider.verify_remote_object(backup_job)
               ^^^^^^^^^^^^^^^^^^^^^^^^^^^^^^^^^^^^^^^^^
  File "/usr/local/lib/python3.11/unittest/mock.py", line 1124, in __call__
    return self._mock_call(*args, **kwargs)
           ^^^^^^^^^^^^^^^^^^^^^^^^^^^^^^^^
  File "/usr/local/lib/python3.11/unittest/mock.py", line 1128, in _mock_call
    return self._execute_mock_call(*args, **kwargs)
           ^^^^^^^^^^^^^^^^^^^^^^^^^^^^^^^^^^^^^^^^
  File "/usr/local/lib/python3.11/unittest/mock.py", line 1183, in _execute_mock_call
    raise effect
RuntimeError: boom
ok
test_returns_false_when_no_cloud_object_key (sims.backup_center.test_services_cloud_orchestration.VerifyCloudBackupServiceTests.test_returns_false_when_no_cloud_object_key) ... ok
test_returns_false_when_provider_reports_invalid (sims.backup_center.test_services_cloud_orchestration.VerifyCloudBackupServiceTests.test_returns_false_when_provider_reports_invalid) ... ok
test_returns_true_and_marks_verified (sims.backup_center.test_services_cloud_orchestration.VerifyCloudBackupServiceTests.test_returns_true_and_marks_verified) ... ok
test_creates_completed_disaster_bundle_containing_routine_backup (sims.backup_center.test_services_orchestration.CreateDisasterRecoveryBackupTests.test_creates_completed_disaster_bundle_containing_routine_backup) ... Failed to get git metadata: [Errno 2] No such file or directory: 'git'
Failed to get git metadata: [Errno 2] No such file or directory: 'git'
ok
test_creates_missing_nested_backup_directory (sims.backup_center.test_services_orchestration.CreateDisasterRecoveryBackupTests.test_creates_missing_nested_backup_directory) ... Failed to get git metadata: [Errno 2] No such file or directory: 'git'
Failed to get git metadata: [Errno 2] No such file or directory: 'git'
ok
test_creates_completed_job_with_real_zip_file (sims.backup_center.test_services_orchestration.CreateRoutineApplicationDataBackupTests.test_creates_completed_job_with_real_zip_file) ... Failed to get git metadata: [Errno 2] No such file or directory: 'git'
ok
test_includes_media_when_media_root_has_files (sims.backup_center.test_services_orchestration.CreateRoutineApplicationDataBackupTests.test_includes_media_when_media_root_has_files) ... Failed to get git metadata: [Errno 2] No such file or directory: 'git'
ok
test_unsupported_database_engine_marks_job_failed_and_raises (sims.backup_center.test_services_orchestration.CreateRoutineApplicationDataBackupTests.test_unsupported_database_engine_marks_job_failed_and_raises) ... Failed to get git metadata: [Errno 2] No such file or directory: 'git'
Routine backup failed: Unsupported database engine for backup: django.db.backends.oracle
Traceback (most recent call last):
  File "/tmp/repo/backend/sims/backup_center/services.py", line 235, in create_routine_application_data_backup
    raise Exception(f"Unsupported database engine for backup: {db_engine}")
Exception: Unsupported database engine for backup: django.db.backends.oracle
ok
test_disaster_bundle_dry_run_resolves_to_internal_routine_backup (sims.backup_center.test_services_orchestration.RestoreRoutineApplicationDataBackupTests.test_disaster_bundle_dry_run_resolves_to_internal_routine_backup) ... Failed to get git metadata: [Errno 2] No such file or directory: 'git'
Failed to get git metadata: [Errno 2] No such file or directory: 'git'
ok
test_dry_run_with_invalid_backup_marks_validation_failed (sims.backup_center.test_services_orchestration.RestoreRoutineApplicationDataBackupTests.test_dry_run_with_invalid_backup_marks_validation_failed) ... ok
test_dry_run_with_valid_backup_marks_validation_passed (sims.backup_center.test_services_orchestration.RestoreRoutineApplicationDataBackupTests.test_dry_run_with_valid_backup_marks_validation_passed) ... Failed to get git metadata: [Errno 2] No such file or directory: 'git'
ok
test_full_sqlite_restore_round_trip (sims.backup_center.test_services_orchestration.RestoreRoutineApplicationDataBackupTests.test_full_sqlite_restore_round_trip)
End-to-end: back up, mutate state, restore, and confirm the pre-backup state came ... Failed to get git metadata: [Errno 2] No such file or directory: 'git'
Failed to get git metadata: [Errno 2] No such file or directory: 'git'
Installed 676 object(s) from 1 fixture(s)
ok
test_missing_password_confirmation_raises (sims.backup_center.test_services_orchestration.RestoreRoutineApplicationDataBackupTests.test_missing_password_confirmation_raises) ... Failed to get git metadata: [Errno 2] No such file or directory: 'git'
ok
test_non_superuser_denied (sims.backup_center.test_services_orchestration.RestoreRoutineApplicationDataBackupTests.test_non_superuser_denied) ... Failed to get git metadata: [Errno 2] No such file or directory: 'git'
ok
test_safety_backup_failure_marks_restore_failed (sims.backup_center.test_services_orchestration.RestoreRoutineApplicationDataBackupTests.test_safety_backup_failure_marks_restore_failed) ... Failed to get git metadata: [Errno 2] No such file or directory: 'git'
Restore failed: Failed to create safety backup: disk full
Traceback (most recent call last):
  File "/tmp/repo/backend/sims/backup_center/services.py", line 735, in restore_routine_application_data_backup
    safety_backup = create_routine_application_data_backup(user=restored_by, notes=f"Safety backup before restore of {restore_job.id}", backup_type='safety_pre_restore')
                    ^^^^^^^^^^^^^^^^^^^^^^^^^^^^^^^^^^^^^^^^^^^^^^^^^^^^^^^^^^^^^^^^^^^^^^^^^^^^^^^^^^^^^^^^^^^^^^^^^^^^^^^^^^^^^^^^^^^^^^^^^^^^^^^^^^^^^^^^^^^^^^^^^^^^^
  File "/usr/local/lib/python3.11/unittest/mock.py", line 1124, in __call__
    return self._mock_call(*args, **kwargs)
           ^^^^^^^^^^^^^^^^^^^^^^^^^^^^^^^^
  File "/usr/local/lib/python3.11/unittest/mock.py", line 1128, in _mock_call
    return self._execute_mock_call(*args, **kwargs)
           ^^^^^^^^^^^^^^^^^^^^^^^^^^^^^^^^^^^^^^^^
  File "/usr/local/lib/python3.11/unittest/mock.py", line 1183, in _execute_mock_call
    raise effect
Exception: disk full

During handling of the above exception, another exception occurred:

Traceback (most recent call last):
  File "/tmp/repo/backend/sims/backup_center/services.py", line 745, in restore_routine_application_data_backup
    raise Exception(f"Failed to create safety backup: {e}")
Exception: Failed to create safety backup: disk full
ok
test_wrong_typed_confirmation_raises (sims.backup_center.test_services_orchestration.RestoreRoutineApplicationDataBackupTests.test_wrong_typed_confirmation_raises) ... Failed to get git metadata: [Errno 2] No such file or directory: 'git'
ok
test_disaster_bundle_missing_internal_backup_reports_error (sims.backup_center.test_services_orchestration.ValidateBackupFileTests.test_disaster_bundle_missing_internal_backup_reports_error) ... Failed to get git metadata: [Errno 2] No such file or directory: 'git'
Failed to get git metadata: [Errno 2] No such file or directory: 'git'
ok
test_missing_file_reports_error (sims.backup_center.test_services_orchestration.ValidateBackupFileTests.test_missing_file_reports_error) ... ok
test_missing_manifest_reports_error (sims.backup_center.test_services_orchestration.ValidateBackupFileTests.test_missing_manifest_reports_error) ... Failed to get git metadata: [Errno 2] No such file or directory: 'git'
ok
test_non_zip_file_reports_error (sims.backup_center.test_services_orchestration.ValidateBackupFileTests.test_non_zip_file_reports_error) ... ok
test_real_disaster_backup_validates_successfully (sims.backup_center.test_services_orchestration.ValidateBackupFileTests.test_real_disaster_backup_validates_successfully) ... Failed to get git metadata: [Errno 2] No such file or directory: 'git'
Failed to get git metadata: [Errno 2] No such file or directory: 'git'
ok
test_real_routine_backup_validates_successfully (sims.backup_center.test_services_orchestration.ValidateBackupFileTests.test_real_routine_backup_validates_successfully) ... Failed to get git metadata: [Errno 2] No such file or directory: 'git'
ok
test_tampered_database_dump_fails_checksum_integrity_check (sims.backup_center.test_services_orchestration.ValidateBackupFileTests.test_tampered_database_dump_fails_checksum_integrity_check) ... Failed to get git metadata: [Errno 2] No such file or directory: 'git'
ok
test_unsupported_extension_reports_error (sims.backup_center.test_services_orchestration.ValidateBackupFileTests.test_unsupported_extension_reports_error) ... ok
test_wrong_app_name_in_manifest_reports_error (sims.backup_center.test_services_orchestration.ValidateBackupFileTests.test_wrong_app_name_in_manifest_reports_error) ... Failed to get git metadata: [Errno 2] No such file or directory: 'git'
ok
test_deterministic_for_same_tree (sims.backup_center.test_services_utils.ComputeTreeSha256Tests.test_deterministic_for_same_tree) ... ok
test_different_content_produces_different_digest (sims.backup_center.test_services_utils.ComputeTreeSha256Tests.test_different_content_produces_different_digest) ... ok
test_empty_directory_has_zero_file_count (sims.backup_center.test_services_utils.ComputeTreeSha256Tests.test_empty_directory_has_zero_file_count) ... ok
test_returns_configured_engine_string (sims.backup_center.test_services_utils.DetectDatabaseEngineTests.test_returns_configured_engine_string) ... ok
test_returns_expected_keys (sims.backup_center.test_services_utils.GetAppMetadataTests.test_returns_expected_keys) ... Failed to get git metadata: [Errno 2] No such file or directory: 'git'
ok
test_returns_summary_shape (sims.backup_center.test_services_utils.GetMediaSummaryTests.test_returns_summary_shape) ... ok
test_returns_nonnegative_counts_for_known_models (sims.backup_center.test_services_utils.GetTableCountsTests.test_returns_nonnegative_counts_for_known_models) ... ok
test_empty_file_matches_empty_hash (sims.backup_center.test_services_utils.Sha256FileTests.test_empty_file_matches_empty_hash) ... ok
test_matches_stdlib_hash (sims.backup_center.test_services_utils.Sha256FileTests.test_matches_stdlib_hash) ... ok
test_matches_stdlib_hash_of_member_content (sims.backup_center.test_services_utils.Sha256ZipMemberTests.test_matches_stdlib_hash_of_member_content) ... ok
test_invalid_password_returns_401 (sims.backup_center.test_views.ConfirmRestoreViewTests.test_invalid_password_returns_401) ... /home/sims/.local/lib/python3.11/site-packages/django/core/handlers/base.py:61: UserWarning: No directory at: /tmp/repo/backend/staticfiles/
  mw_instance = middleware(adapted_handler)
Unauthorized: /api/backup_center/restores/1/confirm/
ok
test_missing_password_or_confirmation_returns_400 (sims.backup_center.test_views.ConfirmRestoreViewTests.test_missing_password_or_confirmation_returns_400) ... Bad Request: /api/backup_center/restores/1/confirm/
ok
test_valid_password_but_restore_job_missing_returns_404 (sims.backup_center.test_views.ConfirmRestoreViewTests.test_valid_password_but_restore_job_missing_returns_404) ... Not Found: /api/backup_center/restores/999999/confirm/
ok
test_valid_password_wrong_typed_confirmation_returns_400 (sims.backup_center.test_views.ConfirmRestoreViewTests.test_valid_password_wrong_typed_confirmation_returns_400) ... Failed to get git metadata: [Errno 2] No such file or directory: 'git'
/home/sims/.local/lib/python3.11/site-packages/django/core/handlers/base.py:61: UserWarning: No directory at: /tmp/repo/backend/staticfiles/
  mw_instance = middleware(adapted_handler)
Bad Request: /api/backup_center/restores/1/confirm/
ok
test_create_disaster_backup_failure_returns_500 (sims.backup_center.test_views.CreateBackupViewTests.test_create_disaster_backup_failure_returns_500) ... Internal Server Error: /api/backup_center/backups/create-disaster/
ok
test_create_disaster_backup_success (sims.backup_center.test_views.CreateBackupViewTests.test_create_disaster_backup_success) ... Failed to get git metadata: [Errno 2] No such file or directory: 'git'
Failed to get git metadata: [Errno 2] No such file or directory: 'git'
ok
test_create_routine_backup_failure_returns_500 (sims.backup_center.test_views.CreateBackupViewTests.test_create_routine_backup_failure_returns_500) ... /home/sims/.local/lib/python3.11/site-packages/django/core/handlers/base.py:61: UserWarning: No directory at: /tmp/repo/backend/staticfiles/
  mw_instance = middleware(adapted_handler)
Internal Server Error: /api/backup_center/backups/create-routine/
ok
test_create_routine_backup_success (sims.backup_center.test_views.CreateBackupViewTests.test_create_routine_backup_success) ... Failed to get git metadata: [Errno 2] No such file or directory: 'git'
ok
test_delete_nonexistent_job_returns_404 (sims.backup_center.test_views.DeleteBackupViewTests.test_delete_nonexistent_job_returns_404) ... /home/sims/.local/lib/python3.11/site-packages/django/core/handlers/base.py:61: UserWarning: No directory at: /tmp/repo/backend/staticfiles/
  mw_instance = middleware(adapted_handler)
Not Found: /api/backup_center/backups/999999/delete/
ok
test_delete_removes_file_and_marks_deleted (sims.backup_center.test_views.DeleteBackupViewTests.test_delete_removes_file_and_marks_deleted) ... Failed to get git metadata: [Errno 2] No such file or directory: 'git'
/home/sims/.local/lib/python3.11/site-packages/django/core/handlers/base.py:61: UserWarning: No directory at: /tmp/repo/backend/staticfiles/
  mw_instance = middleware(adapted_handler)
ok
test_download_deleted_backup_returns_410 (sims.backup_center.test_views.DownloadBackupViewTests.test_download_deleted_backup_returns_410) ... Gone: /api/backup_center/backups/1/download/
ok
test_download_missing_file_returns_404 (sims.backup_center.test_views.DownloadBackupViewTests.test_download_missing_file_returns_404) ... Not Found: /api/backup_center/backups/1/download/
ok
test_download_nonexistent_job_returns_404 (sims.backup_center.test_views.DownloadBackupViewTests.test_download_nonexistent_job_returns_404) ... Not Found: /api/backup_center/backups/999999/download/
ok
test_download_success_writes_audit_log (sims.backup_center.test_views.DownloadBackupViewTests.test_download_success_writes_audit_log) ... Failed to get git metadata: [Errno 2] No such file or directory: 'git'
/home/sims/.local/lib/python3.11/site-packages/django/core/handlers/base.py:61: UserWarning: No directory at: /tmp/repo/backend/staticfiles/
  mw_instance = middleware(adapted_handler)
ok
test_dry_run_nonexistent_restore_job_returns_404 (sims.backup_center.test_views.DryRunRestoreViewTests.test_dry_run_nonexistent_restore_job_returns_404) ... Not Found: /api/backup_center/restores/999999/dry-run/
ok
test_dry_run_service_error_returns_400 (sims.backup_center.test_views.DryRunRestoreViewTests.test_dry_run_service_error_returns_400) ... Bad Request: /api/backup_center/restores/1/dry-run/
ok
test_dry_run_success (sims.backup_center.test_views.DryRunRestoreViewTests.test_dry_run_success) ... Failed to get git metadata: [Errno 2] No such file or directory: 'git'
/home/sims/.local/lib/python3.11/site-packages/django/core/handlers/base.py:61: UserWarning: No directory at: /tmp/repo/backend/staticfiles/
  mw_instance = middleware(adapted_handler)
ok
test_download_backup_job_not_found_returns_404 (sims.backup_center.test_views.GoogleDriveBackupJobViewTests.test_download_backup_job_not_found_returns_404) ... Not Found: /api/backup_center/backups/999999/google-drive/download/
ok
test_download_no_verified_cloud_copy_returns_404 (sims.backup_center.test_views.GoogleDriveBackupJobViewTests.test_download_no_verified_cloud_copy_returns_404) ... Failed to get git metadata: [Errno 2] No such file or directory: 'git'
/home/sims/.local/lib/python3.11/site-packages/django/core/handlers/base.py:61: UserWarning: No directory at: /tmp/repo/backend/staticfiles/
  mw_instance = middleware(adapted_handler)
Not Found: /api/backup_center/backups/1/google-drive/download/
ok
test_list_returns_cloud_copies (sims.backup_center.test_views.GoogleDriveBackupJobViewTests.test_list_returns_cloud_copies) ... Failed to get git metadata: [Errno 2] No such file or directory: 'git'
/home/sims/.local/lib/python3.11/site-packages/django/core/handlers/base.py:61: UserWarning: No directory at: /tmp/repo/backend/staticfiles/
  mw_instance = middleware(adapted_handler)
ok
test_upload_backup_fails_when_drive_disabled (sims.backup_center.test_views.GoogleDriveBackupJobViewTests.test_upload_backup_fails_when_drive_disabled) ... Failed to get git metadata: [Errno 2] No such file or directory: 'git'
/home/sims/.local/lib/python3.11/site-packages/django/core/handlers/base.py:61: UserWarning: No directory at: /tmp/repo/backend/staticfiles/
  mw_instance = middleware(adapted_handler)
Bad Request: /api/backup_center/backups/1/google-drive/upload/
ok
test_upload_backup_job_not_found_returns_404 (sims.backup_center.test_views.GoogleDriveBackupJobViewTests.test_upload_backup_job_not_found_returns_404) ... Not Found: /api/backup_center/backups/999999/google-drive/upload/
ok
test_verify_backup_job_not_found_returns_404 (sims.backup_center.test_views.GoogleDriveBackupJobViewTests.test_verify_backup_job_not_found_returns_404) ... Not Found: /api/backup_center/backups/999999/google-drive/verify/
ok
test_verify_no_cloud_copy_returns_404 (sims.backup_center.test_views.GoogleDriveBackupJobViewTests.test_verify_no_cloud_copy_returns_404) ... Failed to get git metadata: [Errno 2] No such file or directory: 'git'
/home/sims/.local/lib/python3.11/site-packages/django/core/handlers/base.py:61: UserWarning: No directory at: /tmp/repo/backend/staticfiles/
  mw_instance = middleware(adapted_handler)
Not Found: /api/backup_center/backups/1/google-drive/verify/
ok
test_connect_returns_400_when_disabled (sims.backup_center.test_views.GoogleDriveStatusAndConfigViewTests.test_connect_returns_400_when_disabled) ... Bad Request: /api/backup_center/google-drive/connect/
ok
test_create_folder_returns_400_when_not_connected (sims.backup_center.test_views.GoogleDriveStatusAndConfigViewTests.test_create_folder_returns_400_when_not_connected) ... Bad Request: /api/backup_center/google-drive/create-folder/
ok
test_disconnect_clears_existing_connection (sims.backup_center.test_views.GoogleDriveStatusAndConfigViewTests.test_disconnect_clears_existing_connection) ... ok
test_disconnect_when_no_connection (sims.backup_center.test_views.GoogleDriveStatusAndConfigViewTests.test_disconnect_when_no_connection) ... ok
test_health_check_returns_400_when_not_connected (sims.backup_center.test_views.GoogleDriveStatusAndConfigViewTests.test_health_check_returns_400_when_not_connected) ... Bad Request: /api/backup_center/google-drive/health-check/
ok
test_oauth_callback_failure_redirects_with_error (sims.backup_center.test_views.GoogleDriveStatusAndConfigViewTests.test_oauth_callback_failure_redirects_with_error) ... Google Drive OAuth callback failed: Google Drive backup is disabled. Set GOOGLE_DRIVE_BACKUP_ENABLED=true.
Traceback (most recent call last):
  File "/tmp/repo/backend/sims/backup_center/views.py", line 329, in get
    connection = provider.handle_oauth_callback(code=code, state=state)
                 ^^^^^^^^^^^^^^^^^^^^^^^^^^^^^^^^^^^^^^^^^^^^^^^^^^^^^^
  File "/tmp/repo/backend/sims/backup_center/google_drive.py", line 201, in handle_oauth_callback
    self._require_enabled()
  File "/tmp/repo/backend/sims/backup_center/google_drive.py", line 62, in _require_enabled
    raise ValueError("Google Drive backup is disabled. Set GOOGLE_DRIVE_BACKUP_ENABLED=true.")
ValueError: Google Drive backup is disabled. Set GOOGLE_DRIVE_BACKUP_ENABLED=true.
ok
test_oauth_callback_missing_code_or_state_redirects (sims.backup_center.test_views.GoogleDriveStatusAndConfigViewTests.test_oauth_callback_missing_code_or_state_redirects) ... ok
test_oauth_callback_with_error_param_redirects (sims.backup_center.test_views.GoogleDriveStatusAndConfigViewTests.test_oauth_callback_with_error_param_redirects) ... ok
test_status_reports_existing_connection (sims.backup_center.test_views.GoogleDriveStatusAndConfigViewTests.test_status_reports_existing_connection) ... ok
test_status_reports_not_connected_when_no_connection_row (sims.backup_center.test_views.GoogleDriveStatusAndConfigViewTests.test_status_reports_not_connected_when_no_connection_row) ... ok
test_backup_job_list_and_detail (sims.backup_center.test_views.ListDetailViewTests.test_backup_job_list_and_detail) ... Failed to get git metadata: [Errno 2] No such file or directory: 'git'
/home/sims/.local/lib/python3.11/site-packages/django/core/handlers/base.py:61: UserWarning: No directory at: /tmp/repo/backend/staticfiles/
  mw_instance = middleware(adapted_handler)
ok
test_restore_and_audit_log_lists (sims.backup_center.test_views.ListDetailViewTests.test_restore_and_audit_log_lists) ... ok
test_non_superuser_requests_forbidden (sims.backup_center.test_views.PermissionGatingTests.test_non_superuser_requests_forbidden) ... Forbidden: /api/backup_center/backups/
Forbidden: /api/backup_center/backups/create-routine/
Forbidden: /api/backup_center/backups/create-disaster/
Forbidden: /api/backup_center/restores/
Forbidden: /api/backup_center/audit-logs/
ok
test_unauthenticated_requests_rejected (sims.backup_center.test_views.PermissionGatingTests.test_unauthenticated_requests_rejected) ... Unauthorized: /api/backup_center/backups/
Unauthorized: /api/backup_center/backups/create-routine/
Unauthorized: /api/backup_center/restores/
Unauthorized: /api/backup_center/audit-logs/
ok
test_invalid_extension_returns_400 (sims.backup_center.test_views.UploadRestoreFileViewTests.test_invalid_extension_returns_400) ... Bad Request: /api/backup_center/restores/upload/
ok
test_no_file_returns_400 (sims.backup_center.test_views.UploadRestoreFileViewTests.test_no_file_returns_400) ... Bad Request: /api/backup_center/restores/upload/
ok
test_valid_upload_creates_restore_job (sims.backup_center.test_views.UploadRestoreFileViewTests.test_valid_upload_creates_restore_job) ... ok
test_validate_deleted_returns_410 (sims.backup_center.test_views.ValidateBackupJobViewTests.test_validate_deleted_returns_410) ... Gone: /api/backup_center/backups/1/validate/
ok
test_validate_missing_file_returns_404 (sims.backup_center.test_views.ValidateBackupJobViewTests.test_validate_missing_file_returns_404) ... Not Found: /api/backup_center/backups/1/validate/
ok
test_validate_success (sims.backup_center.test_views.ValidateBackupJobViewTests.test_validate_success) ... Failed to get git metadata: [Errno 2] No such file or directory: 'git'
/home/sims/.local/lib/python3.11/site-packages/django/core/handlers/base.py:61: UserWarning: No directory at: /tmp/repo/backend/staticfiles/
  mw_instance = middleware(adapted_handler)
ok
test_validate_invalid_backup_marks_validation_failed (sims.backup_center.test_views.ValidateRestoreJobViewTests.test_validate_invalid_backup_marks_validation_failed) ... ok
test_validate_nonexistent_restore_job_returns_404 (sims.backup_center.test_views.ValidateRestoreJobViewTests.test_validate_nonexistent_restore_job_returns_404) ... Not Found: /api/backup_center/restores/999999/validate/
ok
test_validate_valid_backup_marks_validation_passed (sims.backup_center.test_views.ValidateRestoreJobViewTests.test_validate_valid_backup_marks_validation_passed) ... Failed to get git metadata: [Errno 2] No such file or directory: 'git'
/home/sims/.local/lib/python3.11/site-packages/django/core/handlers/base.py:61: UserWarning: No directory at: /tmp/repo/backend/staticfiles/
  mw_instance = middleware(adapted_handler)
ok
test_admin_can_download_hospital_template (sims.bulk.tests.ActiveUserbaseBulkEngineTests.test_admin_can_download_hospital_template) ... ok
test_bulk_export_hospitals_matches_active_schema (sims.bulk.tests.ActiveUserbaseBulkEngineTests.test_bulk_export_hospitals_matches_active_schema) ... ok
test_bulk_import_faculty_supervisors_creates_profiles_and_memberships (sims.bulk.tests.ActiveUserbaseBulkEngineTests.test_bulk_import_faculty_supervisors_creates_profiles_and_memberships) ... ok
test_bulk_import_residents_creates_profiles_memberships_and_sites (sims.bulk.tests.ActiveUserbaseBulkEngineTests.test_bulk_import_residents_creates_profiles_memberships_and_sites) ... ok
test_bulk_import_supervision_links_close_prerequisite_chain (sims.bulk.tests.ActiveUserbaseBulkEngineTests.test_bulk_import_supervision_links_close_prerequisite_chain) ... ok
test_bulk_operation_model_tracking_still_works (sims.bulk.tests.ActiveUserbaseBulkEngineTests.test_bulk_operation_model_tracking_still_works) ... ok
test_dry_run_reports_missing_prerequisite_without_writing (sims.bulk.tests.ActiveUserbaseBulkEngineTests.test_dry_run_reports_missing_prerequisite_without_writing) ... ok
test_pg_cannot_use_active_bulk_surface (sims.bulk.tests.ActiveUserbaseBulkEngineTests.test_pg_cannot_use_active_bulk_surface) ... Forbidden: /api/bulk/templates/hospitals/
Forbidden: /api/bulk/exports/hospitals/
Forbidden: /api/bulk/import/hospitals/dry-run/
ok
test_utrmc_admin_can_import_hospitals_departments_and_matrix (sims.bulk.tests.ActiveUserbaseBulkEngineTests.test_utrmc_admin_can_import_hospitals_departments_and_matrix) ... ok
test_detect_headers_csv (sims.bulk.tests.FlexibleColumnMappingTests.test_detect_headers_csv) ... ok
test_flexible_apply_partial_mode_imports_valid (sims.bulk.tests.FlexibleColumnMappingTests.test_flexible_apply_partial_mode_imports_valid) ... ok
test_flexible_apply_strict_mode_rollback_on_error (sims.bulk.tests.FlexibleColumnMappingTests.test_flexible_apply_strict_mode_rollback_on_error) ... Bad Request: /api/bulk/flexible/apply/
ok
test_flexible_apply_strict_mode_success (sims.bulk.tests.FlexibleColumnMappingTests.test_flexible_apply_strict_mode_success) ... ok
test_flexible_dry_run (sims.bulk.tests.FlexibleColumnMappingTests.test_flexible_dry_run) ... ok
test_presets_crud (sims.bulk.tests.FlexibleColumnMappingTests.test_presets_crud) ... ok
test_validate_mapping_duplicate_mappings (sims.bulk.tests.FlexibleColumnMappingTests.test_validate_mapping_duplicate_mappings) ... ok
test_validate_mapping_missing_required (sims.bulk.tests.FlexibleColumnMappingTests.test_validate_mapping_missing_required) ... ok
test_validate_mapping_valid (sims.bulk.tests.FlexibleColumnMappingTests.test_validate_mapping_valid) ... ok
test_create_notification (sims.notifications.tests.NotificationBasicTests.test_create_notification) ... ok
test_list_requires_auth (sims.notifications.tests.NotificationBasicTests.test_list_requires_auth) ... Unauthorized: /api/notifications/
ok
test_list_returns_own_notifications (sims.notifications.tests.NotificationBasicTests.test_list_returns_own_notifications) ... ok
test_target_and_mark_unread_are_recipient_scoped (sims.notifications.tests.NotificationBasicTests.test_target_and_mark_unread_are_recipient_scoped) ... ok
test_migration_gate_deficiency_rule_no_utrmc_approval_required (sims.rotations.test_canonical_migration_gate.CanonicalRotationMigrationGateTests.test_migration_gate_deficiency_rule_no_utrmc_approval_required) ... ok
test_migration_gate_inter_hospital_same_department_requires_utrmc_approval (sims.rotations.test_canonical_migration_gate.CanonicalRotationMigrationGateTests.test_migration_gate_inter_hospital_same_department_requires_utrmc_approval) ... ok
test_override_policy_validator_requires_utrmc_admin_when_available_at_home (sims.rotations.tests.CanonicalRotationModelTests.test_override_policy_validator_requires_utrmc_admin_when_available_at_home) ... ok
test_admin_workflow_overview_denied_for_non_admin (sims.tests.test_academics_coverage_extra.DataQualityEdgeCaseTests.test_admin_workflow_overview_denied_for_non_admin) ... Forbidden: /api/academics/admin-workflow-overview/
ok
test_admin_workflow_overview_flags_missing_logbook_minimums (sims.tests.test_academics_coverage_extra.DataQualityEdgeCaseTests.test_admin_workflow_overview_flags_missing_logbook_minimums) ... ok
test_data_quality_flags_active_with_actual_end_and_completed_without (sims.tests.test_academics_coverage_extra.DataQualityEdgeCaseTests.test_data_quality_flags_active_with_actual_end_and_completed_without) ... ok
test_data_quality_flags_department_and_program_mismatch (sims.tests.test_academics_coverage_extra.DataQualityEdgeCaseTests.test_data_quality_flags_department_and_program_mismatch) ... ok
test_data_quality_flags_evaluation_and_logbook_issues (sims.tests.test_academics_coverage_extra.DataQualityEdgeCaseTests.test_data_quality_flags_evaluation_and_logbook_issues) ... ok
test_data_quality_flags_missing_program_session_department_site (sims.tests.test_academics_coverage_extra.DataQualityEdgeCaseTests.test_data_quality_flags_missing_program_session_department_site) ... ok
test_data_quality_flags_supervisor_with_no_review_queue (sims.tests.test_academics_coverage_extra.DataQualityEdgeCaseTests.test_data_quality_flags_supervisor_with_no_review_queue) ... ok
test_workflow_data_quality_endpoint_denied_for_non_admin (sims.tests.test_academics_coverage_extra.DataQualityEdgeCaseTests.test_workflow_data_quality_endpoint_denied_for_non_admin) ... Forbidden: /api/academics/workflow-data-quality/
ok
test_admin_can_create_evaluation_without_primary_supervisor (sims.tests.test_academics_coverage_extra.EvaluationServiceWorkflowTests.test_admin_can_create_evaluation_without_primary_supervisor) ... ok
test_approve_evaluation_supervisor_mismatch_raises (sims.tests.test_academics_coverage_extra.EvaluationServiceWorkflowTests.test_approve_evaluation_supervisor_mismatch_raises) ... ok
test_approve_evaluation_wrong_status_raises (sims.tests.test_academics_coverage_extra.EvaluationServiceWorkflowTests.test_approve_evaluation_wrong_status_raises) ... ok
test_cancel_evaluation_flow (sims.tests.test_academics_coverage_extra.EvaluationServiceWorkflowTests.test_cancel_evaluation_flow) ... ok
test_cancel_evaluation_wrong_status_raises (sims.tests.test_academics_coverage_extra.EvaluationServiceWorkflowTests.test_cancel_evaluation_wrong_status_raises) ... ok
test_create_evaluation_requires_active_training_record (sims.tests.test_academics_coverage_extra.EvaluationServiceWorkflowTests.test_create_evaluation_requires_active_training_record) ... ok
test_create_evaluation_requires_primary_supervisor (sims.tests.test_academics_coverage_extra.EvaluationServiceWorkflowTests.test_create_evaluation_requires_primary_supervisor) ... ok
test_create_evaluation_supervisor_not_assigned_raises (sims.tests.test_academics_coverage_extra.EvaluationServiceWorkflowTests.test_create_evaluation_supervisor_not_assigned_raises) ... ok
test_reject_evaluation_flow_and_queue_done (sims.tests.test_academics_coverage_extra.EvaluationServiceWorkflowTests.test_reject_evaluation_flow_and_queue_done) ... ok
test_reject_evaluation_wrong_status_raises (sims.tests.test_academics_coverage_extra.EvaluationServiceWorkflowTests.test_reject_evaluation_wrong_status_raises) ... ok
test_return_evaluation_requires_comments (sims.tests.test_academics_coverage_extra.EvaluationServiceWorkflowTests.test_return_evaluation_requires_comments) ... ok
test_return_evaluation_wrong_status_raises (sims.tests.test_academics_coverage_extra.EvaluationServiceWorkflowTests.test_return_evaluation_wrong_status_raises) ... ok
test_start_evaluation_review_supervisor_mismatch_raises (sims.tests.test_academics_coverage_extra.EvaluationServiceWorkflowTests.test_start_evaluation_review_supervisor_mismatch_raises) ... ok
test_start_evaluation_review_wrong_status_raises (sims.tests.test_academics_coverage_extra.EvaluationServiceWorkflowTests.test_start_evaluation_review_wrong_status_raises) ... ok
test_submit_evaluation_reuses_existing_dismissed_queue_item (sims.tests.test_academics_coverage_extra.EvaluationServiceWorkflowTests.test_submit_evaluation_reuses_existing_dismissed_queue_item) ... ok
test_submit_evaluation_wrong_status_raises (sims.tests.test_academics_coverage_extra.EvaluationServiceWorkflowTests.test_submit_evaluation_wrong_status_raises) ... ok
test_update_evaluation_draft_updates_fields_and_responses (sims.tests.test_academics_coverage_extra.EvaluationServiceWorkflowTests.test_update_evaluation_draft_updates_fields_and_responses) ... ok
test_update_evaluation_draft_wrong_status_raises (sims.tests.test_academics_coverage_extra.EvaluationServiceWorkflowTests.test_update_evaluation_draft_wrong_status_raises) ... ok
test_admin_create_evaluation_requires_resident_field (sims.tests.test_academics_coverage_extra.EvaluationViewPermissionTests.test_admin_create_evaluation_requires_resident_field) ... Bad Request: /api/academics/evaluation-submissions/
ok
test_evaluation_queryset_empty_for_unrelated_role (sims.tests.test_academics_coverage_extra.EvaluationViewPermissionTests.test_evaluation_queryset_empty_for_unrelated_role) ... ok
test_evaluation_queryset_scoped_for_supervisor_via_active_assignment (sims.tests.test_academics_coverage_extra.EvaluationViewPermissionTests.test_evaluation_queryset_scoped_for_supervisor_via_active_assignment) ... ok
test_reject_endpoint_works (sims.tests.test_academics_coverage_extra.EvaluationViewPermissionTests.test_reject_endpoint_works) ... ok
test_return_revision_endpoint_requires_comments (sims.tests.test_academics_coverage_extra.EvaluationViewPermissionTests.test_return_revision_endpoint_requires_comments) ... Bad Request: /api/academics/evaluation-submissions/1/return_revision/
ok
test_supervisor_cannot_edit_resident_evaluation_draft (sims.tests.test_academics_coverage_extra.EvaluationViewPermissionTests.test_supervisor_cannot_edit_resident_evaluation_draft) ... Forbidden: /api/academics/evaluation-submissions/1/
ok
test_support_staff_cannot_create_evaluation (sims.tests.test_academics_coverage_extra.EvaluationViewPermissionTests.test_support_staff_cannot_create_evaluation) ... Forbidden: /api/academics/evaluation-submissions/
ok
test_cancel_logbook_entry_flow (sims.tests.test_academics_coverage_extra.LogbookServiceWorkflowTests.test_cancel_logbook_entry_flow) ... ok
test_cancel_logbook_entry_wrong_status_raises (sims.tests.test_academics_coverage_extra.LogbookServiceWorkflowTests.test_cancel_logbook_entry_wrong_status_raises) ... ok
test_create_logbook_requires_active_training_record (sims.tests.test_academics_coverage_extra.LogbookServiceWorkflowTests.test_create_logbook_requires_active_training_record) ... ok
test_create_logbook_requires_primary_supervisor (sims.tests.test_academics_coverage_extra.LogbookServiceWorkflowTests.test_create_logbook_requires_primary_supervisor) ... ok
test_create_logbook_supervisor_not_assigned_raises (sims.tests.test_academics_coverage_extra.LogbookServiceWorkflowTests.test_create_logbook_supervisor_not_assigned_raises) ... ok
test_create_logbook_with_procedure_data (sims.tests.test_academics_coverage_extra.LogbookServiceWorkflowTests.test_create_logbook_with_procedure_data) ... ok
test_reject_logbook_entry_flow (sims.tests.test_academics_coverage_extra.LogbookServiceWorkflowTests.test_reject_logbook_entry_flow) ... ok
test_reject_logbook_entry_wrong_status_raises (sims.tests.test_academics_coverage_extra.LogbookServiceWorkflowTests.test_reject_logbook_entry_wrong_status_raises) ... ok
test_return_logbook_entry_requires_comments (sims.tests.test_academics_coverage_extra.LogbookServiceWorkflowTests.test_return_logbook_entry_requires_comments) ... ok
test_return_logbook_entry_wrong_status_raises (sims.tests.test_academics_coverage_extra.LogbookServiceWorkflowTests.test_return_logbook_entry_wrong_status_raises) ... ok
test_submit_logbook_entry_wrong_status_raises (sims.tests.test_academics_coverage_extra.LogbookServiceWorkflowTests.test_submit_logbook_entry_wrong_status_raises) ... ok
test_update_logbook_draft_creates_procedure_when_missing (sims.tests.test_academics_coverage_extra.LogbookServiceWorkflowTests.test_update_logbook_draft_creates_procedure_when_missing) ... ok
test_update_logbook_draft_updates_fields_and_procedure (sims.tests.test_academics_coverage_extra.LogbookServiceWorkflowTests.test_update_logbook_draft_updates_fields_and_procedure) ... ok
test_update_logbook_draft_wrong_status_raises (sims.tests.test_academics_coverage_extra.LogbookServiceWorkflowTests.test_update_logbook_draft_wrong_status_raises) ... ok
test_verify_logbook_entry_logs_procedure_record_activity (sims.tests.test_academics_coverage_extra.LogbookServiceWorkflowTests.test_verify_logbook_entry_logs_procedure_record_activity) ... ok
test_verify_logbook_entry_supervisor_mismatch_raises (sims.tests.test_academics_coverage_extra.LogbookServiceWorkflowTests.test_verify_logbook_entry_supervisor_mismatch_raises) ... ok
test_verify_logbook_entry_wrong_status_raises (sims.tests.test_academics_coverage_extra.LogbookServiceWorkflowTests.test_verify_logbook_entry_wrong_status_raises) ... ok
test_admin_create_logbook_requires_resident_field (sims.tests.test_academics_coverage_extra.LogbookViewPermissionTests.test_admin_create_logbook_requires_resident_field) ... Bad Request: /api/academics/logbook-entries/
ok
test_logbook_queryset_scoped_for_supervisor (sims.tests.test_academics_coverage_extra.LogbookViewPermissionTests.test_logbook_queryset_scoped_for_supervisor) ... ok
test_reject_logbook_endpoint_works (sims.tests.test_academics_coverage_extra.LogbookViewPermissionTests.test_reject_logbook_endpoint_works) ... ok
test_return_revision_logbook_endpoint_requires_comments (sims.tests.test_academics_coverage_extra.LogbookViewPermissionTests.test_return_revision_logbook_endpoint_requires_comments) ... Bad Request: /api/academics/logbook-entries/1/return_revision/
ok
test_supervisor_cannot_edit_resident_logbook_draft (sims.tests.test_academics_coverage_extra.LogbookViewPermissionTests.test_supervisor_cannot_edit_resident_logbook_draft) ... Forbidden: /api/academics/logbook-entries/1/
ok
test_support_staff_cannot_create_logbook_entry (sims.tests.test_academics_coverage_extra.LogbookViewPermissionTests.test_support_staff_cannot_create_logbook_entry) ... Forbidden: /api/academics/logbook-entries/
ok
test_data_quality_report_denied_for_non_admin (sims.tests.test_academics_coverage_extra.MonitoringAndReportsPermissionTests.test_data_quality_report_denied_for_non_admin) ... Forbidden: /api/academics/reports/data-quality/
ok
test_data_quality_report_export_denied_for_non_admin (sims.tests.test_academics_coverage_extra.MonitoringAndReportsPermissionTests.test_data_quality_report_export_denied_for_non_admin) ... Forbidden: /api/academics/reports/data-quality/export.csv
ok
test_department_program_session_summaries_denied_for_supervisor (sims.tests.test_academics_coverage_extra.MonitoringAndReportsPermissionTests.test_department_program_session_summaries_denied_for_supervisor) ... Forbidden: /api/academics/monitoring/departments/
Forbidden: /api/academics/monitoring/programs/
Forbidden: /api/academics/monitoring/sessions/
ok
test_evaluation_report_denied_for_support_staff (sims.tests.test_academics_coverage_extra.MonitoringAndReportsPermissionTests.test_evaluation_report_denied_for_support_staff) ... Forbidden: /api/academics/reports/evaluations/
ok
test_evaluation_report_denied_when_supervisor_queries_unassigned_resident (sims.tests.test_academics_coverage_extra.MonitoringAndReportsPermissionTests.test_evaluation_report_denied_when_supervisor_queries_unassigned_resident) ... Forbidden: /api/academics/reports/evaluations/
ok
test_evaluation_report_export_denied_for_support_staff (sims.tests.test_academics_coverage_extra.MonitoringAndReportsPermissionTests.test_evaluation_report_export_denied_for_support_staff) ... Forbidden: /api/academics/reports/evaluations/export.csv
ok
test_evaluation_report_scoped_for_resident (sims.tests.test_academics_coverage_extra.MonitoringAndReportsPermissionTests.test_evaluation_report_scoped_for_resident) ... ok
test_evaluation_report_scoped_for_supervisor_default (sims.tests.test_academics_coverage_extra.MonitoringAndReportsPermissionTests.test_evaluation_report_scoped_for_supervisor_default) ... ok
test_logbook_report_denied_for_support_staff (sims.tests.test_academics_coverage_extra.MonitoringAndReportsPermissionTests.test_logbook_report_denied_for_support_staff) ... Forbidden: /api/academics/reports/logbook/
ok
test_logbook_report_denied_when_supervisor_queries_unassigned_resident (sims.tests.test_academics_coverage_extra.MonitoringAndReportsPermissionTests.test_logbook_report_denied_when_supervisor_queries_unassigned_resident) ... Forbidden: /api/academics/reports/logbook/
ok
test_logbook_report_export_denied_for_support_staff (sims.tests.test_academics_coverage_extra.MonitoringAndReportsPermissionTests.test_logbook_report_export_denied_for_support_staff) ... Forbidden: /api/academics/reports/logbook/export.csv
ok
test_my_progress_monitoring_requires_resident_profile (sims.tests.test_academics_coverage_extra.MonitoringAndReportsPermissionTests.test_my_progress_monitoring_requires_resident_profile) ... Forbidden: /api/academics/monitoring/my-progress/
ok
test_resident_progress_export_defaults_to_self_for_resident (sims.tests.test_academics_coverage_extra.MonitoringAndReportsPermissionTests.test_resident_progress_export_defaults_to_self_for_resident) ... ok
test_resident_progress_export_denied_for_other_resident (sims.tests.test_academics_coverage_extra.MonitoringAndReportsPermissionTests.test_resident_progress_export_denied_for_other_resident) ... Forbidden: /api/academics/reports/resident-progress/export.csv
ok
test_resident_progress_export_denied_for_support_staff (sims.tests.test_academics_coverage_extra.MonitoringAndReportsPermissionTests.test_resident_progress_export_denied_for_support_staff) ... Forbidden: /api/academics/reports/resident-progress/export.csv
ok
test_resident_progress_export_denied_for_unrelated_supervisor (sims.tests.test_academics_coverage_extra.MonitoringAndReportsPermissionTests.test_resident_progress_export_denied_for_unrelated_supervisor) ... Forbidden: /api/academics/reports/resident-progress/export.csv
ok
test_resident_progress_export_requires_resident_id_for_non_resident (sims.tests.test_academics_coverage_extra.MonitoringAndReportsPermissionTests.test_resident_progress_export_requires_resident_id_for_non_resident) ... Forbidden: /api/academics/reports/resident-progress/export.csv
ok
test_resident_progress_report_detail_denied_for_other_resident (sims.tests.test_academics_coverage_extra.MonitoringAndReportsPermissionTests.test_resident_progress_report_detail_denied_for_other_resident) ... Forbidden: /api/academics/reports/resident-progress/1/
ok
test_resident_progress_report_detail_denied_for_unrelated_supervisor (sims.tests.test_academics_coverage_extra.MonitoringAndReportsPermissionTests.test_resident_progress_report_detail_denied_for_unrelated_supervisor) ... Forbidden: /api/academics/reports/resident-progress/1/
ok
test_resident_progress_report_listing_denied_for_support_staff (sims.tests.test_academics_coverage_extra.MonitoringAndReportsPermissionTests.test_resident_progress_report_listing_denied_for_support_staff) ... Forbidden: /api/academics/reports/resident-progress/
ok
test_resident_progress_report_listing_for_admin (sims.tests.test_academics_coverage_extra.MonitoringAndReportsPermissionTests.test_resident_progress_report_listing_for_admin) ... ok
test_resident_progress_report_listing_for_supervisor (sims.tests.test_academics_coverage_extra.MonitoringAndReportsPermissionTests.test_resident_progress_report_listing_for_supervisor) ... ok
test_supervisor_dashboard_requires_supervisor_profile (sims.tests.test_academics_coverage_extra.MonitoringAndReportsPermissionTests.test_supervisor_dashboard_requires_supervisor_profile) ... Forbidden: /api/academics/monitoring/supervisor-dashboard/
ok
test_supervisor_workload_export_defaults_to_self_for_supervisor (sims.tests.test_academics_coverage_extra.MonitoringAndReportsPermissionTests.test_supervisor_workload_export_defaults_to_self_for_supervisor) ... ok
test_supervisor_workload_export_denied_for_other_supervisor (sims.tests.test_academics_coverage_extra.MonitoringAndReportsPermissionTests.test_supervisor_workload_export_denied_for_other_supervisor) ... Forbidden: /api/academics/reports/supervisor-workload/export.csv
ok
test_supervisor_workload_export_denied_for_resident (sims.tests.test_academics_coverage_extra.MonitoringAndReportsPermissionTests.test_supervisor_workload_export_denied_for_resident) ... Forbidden: /api/academics/reports/supervisor-workload/export.csv
ok
test_supervisor_workload_export_requires_id_for_non_supervisor (sims.tests.test_academics_coverage_extra.MonitoringAndReportsPermissionTests.test_supervisor_workload_export_requires_id_for_non_supervisor) ... Forbidden: /api/academics/reports/supervisor-workload/export.csv
ok
test_supervisor_workload_report_detail_denied_for_other_supervisor (sims.tests.test_academics_coverage_extra.MonitoringAndReportsPermissionTests.test_supervisor_workload_report_detail_denied_for_other_supervisor) ... Forbidden: /api/academics/reports/supervisor-workload/1/
ok
test_supervisor_workload_report_detail_denied_for_resident (sims.tests.test_academics_coverage_extra.MonitoringAndReportsPermissionTests.test_supervisor_workload_report_detail_denied_for_resident) ... Forbidden: /api/academics/reports/supervisor-workload/1/
ok
test_supervisor_workload_report_listing_denied_for_support_staff (sims.tests.test_academics_coverage_extra.MonitoringAndReportsPermissionTests.test_supervisor_workload_report_listing_denied_for_support_staff) ... Forbidden: /api/academics/reports/supervisor-workload/
ok
test_supervisor_workload_report_listing_for_admin (sims.tests.test_academics_coverage_extra.MonitoringAndReportsPermissionTests.test_supervisor_workload_report_listing_for_admin) ... ok
test_supervisor_workload_report_listing_for_supervisor_self (sims.tests.test_academics_coverage_extra.MonitoringAndReportsPermissionTests.test_supervisor_workload_report_listing_for_supervisor_self) ... ok
test_my_academic_progress_requires_resident_profile (sims.tests.test_academics_coverage_extra.ProgressAndWorkloadPermissionTests.test_my_academic_progress_requires_resident_profile) ... Forbidden: /api/academics/my-progress/
ok
test_resident_academic_progress_allowed_for_admin (sims.tests.test_academics_coverage_extra.ProgressAndWorkloadPermissionTests.test_resident_academic_progress_allowed_for_admin) ... ok
test_resident_academic_progress_denied_for_unrelated_supervisor (sims.tests.test_academics_coverage_extra.ProgressAndWorkloadPermissionTests.test_resident_academic_progress_denied_for_unrelated_supervisor) ... Forbidden: /api/academics/residents/1/progress/
ok
test_supervisor_workload_requires_supervisor_profile (sims.tests.test_academics_coverage_extra.ProgressAndWorkloadPermissionTests.test_supervisor_workload_requires_supervisor_profile) ... Forbidden: /api/academics/supervisor-workload/
ok
test_my_resident_summary_requires_resident_profile (sims.tests.test_academics_coverage_extra.SummaryPermissionTests.test_my_resident_summary_requires_resident_profile) ... Forbidden: /api/academics/residents/me/summary/
ok
test_my_resident_summary_success (sims.tests.test_academics_coverage_extra.SummaryPermissionTests.test_my_resident_summary_success) ... ok
test_my_supervisor_summary_requires_supervisor_profile (sims.tests.test_academics_coverage_extra.SummaryPermissionTests.test_my_supervisor_summary_requires_supervisor_profile) ... Forbidden: /api/academics/supervisors/me/summary/
ok
test_my_supervisor_summary_success (sims.tests.test_academics_coverage_extra.SummaryPermissionTests.test_my_supervisor_summary_success) ... ok
test_resident_summary_denied_for_unrelated_supervisor (sims.tests.test_academics_coverage_extra.SummaryPermissionTests.test_resident_summary_denied_for_unrelated_supervisor) ... Forbidden: /api/academics/residents/2/summary/
ok
test_resident_summary_url_uses_user_id_not_profile_pk (sims.tests.test_academics_coverage_extra.SummaryPermissionTests.test_resident_summary_url_uses_user_id_not_profile_pk) ... Not Found: /api/academics/residents/1/summary/
ok
test_seed_view_denied_for_non_admin (sims.tests.test_academics_coverage_extra.SummaryPermissionTests.test_seed_view_denied_for_non_admin) ... Forbidden: /api/academics/seed/
ok
test_seed_workflows_command_idempotent_second_run (sims.tests.test_academics_coverage_extra.SummaryPermissionTests.test_seed_workflows_command_idempotent_second_run) ... ok
test_seed_workflows_view_denied_for_non_admin (sims.tests.test_academics_coverage_extra.SummaryPermissionTests.test_seed_workflows_view_denied_for_non_admin) ... Forbidden: /api/academics/seed-workflows/
ok
test_supervisor_summary_allowed_for_assigned_resident (sims.tests.test_academics_coverage_extra.SummaryPermissionTests.test_supervisor_summary_allowed_for_assigned_resident) ... ok
test_supervisor_summary_denied_for_unrelated_resident (sims.tests.test_academics_coverage_extra.SummaryPermissionTests.test_supervisor_summary_denied_for_unrelated_resident) ... Forbidden: /api/academics/supervisors/3/summary/
ok
test_supervisor_summary_url_uses_user_id_not_profile_pk (sims.tests.test_academics_coverage_extra.SummaryPermissionTests.test_supervisor_summary_url_uses_user_id_not_profile_pk) ... Not Found: /api/academics/supervisors/1/summary/
ok
test_academic_options_endpoint (sims.tests.test_academics_coverage_extra.TrainingRecordServiceTests.test_academic_options_endpoint) ... ok
test_admin_overview_endpoint (sims.tests.test_academics_coverage_extra.TrainingRecordServiceTests.test_admin_overview_endpoint) ... ok
test_close_training_record_already_inactive_raises (sims.tests.test_academics_coverage_extra.TrainingRecordServiceTests.test_close_training_record_already_inactive_raises) ... ok
test_close_training_record_success (sims.tests.test_academics_coverage_extra.TrainingRecordServiceTests.test_close_training_record_success) ... ok
test_create_training_record_department_mismatch_raises (sims.tests.test_academics_coverage_extra.TrainingRecordServiceTests.test_create_training_record_department_mismatch_raises) ... ok
test_create_training_record_program_mismatch_raises (sims.tests.test_academics_coverage_extra.TrainingRecordServiceTests.test_create_training_record_program_mismatch_raises) ... ok
test_create_training_record_rejects_non_resident_profile (sims.tests.test_academics_coverage_extra.TrainingRecordServiceTests.test_create_training_record_rejects_non_resident_profile) ... ok
test_create_training_record_session_mismatch_raises (sims.tests.test_academics_coverage_extra.TrainingRecordServiceTests.test_create_training_record_session_mismatch_raises) ... ok
test_create_training_record_site_mismatch_raises (sims.tests.test_academics_coverage_extra.TrainingRecordServiceTests.test_create_training_record_site_mismatch_raises) ... ok
test_training_record_close_endpoint (sims.tests.test_academics_coverage_extra.TrainingRecordServiceTests.test_training_record_close_endpoint) ... ok
test_training_record_update_endpoint (sims.tests.test_academics_coverage_extra.TrainingRecordServiceTests.test_training_record_update_endpoint) ... ok
test_update_training_record_changes_fields_and_logs (sims.tests.test_academics_coverage_extra.TrainingRecordServiceTests.test_update_training_record_changes_fields_and_logs) ... ok
test_academic_period_admin_crud (sims.tests.test_academics_coverage_extra.ViewSetQuerysetAndPermissionTests.test_academic_period_admin_crud) ... ok
test_academic_period_non_admin_write_denied (sims.tests.test_academics_coverage_extra.ViewSetQuerysetAndPermissionTests.test_academic_period_non_admin_write_denied) ... Forbidden: /api/academics/periods/
ok
test_evaluation_template_admin_crud (sims.tests.test_academics_coverage_extra.ViewSetQuerysetAndPermissionTests.test_evaluation_template_admin_crud) ... ok
test_logbook_category_admin_crud (sims.tests.test_academics_coverage_extra.ViewSetQuerysetAndPermissionTests.test_logbook_category_admin_crud) ... ok
test_review_queue_create_denied_for_non_admin (sims.tests.test_academics_coverage_extra.ViewSetQuerysetAndPermissionTests.test_review_queue_create_denied_for_non_admin) ... Forbidden: /api/academics/review-queue/
ok
test_review_queue_partial_update_denied_for_unrelated_supervisor (sims.tests.test_academics_coverage_extra.ViewSetQuerysetAndPermissionTests.test_review_queue_partial_update_denied_for_unrelated_supervisor) ... Forbidden: /api/academics/review-queue/1/
ok
test_review_queue_partial_update_generic_field (sims.tests.test_academics_coverage_extra.ViewSetQuerysetAndPermissionTests.test_review_queue_partial_update_generic_field) ... ok
test_review_queue_queryset_scoped_by_role (sims.tests.test_academics_coverage_extra.ViewSetQuerysetAndPermissionTests.test_review_queue_queryset_scoped_by_role) ... ok
test_rotation_template_admin_crud (sims.tests.test_academics_coverage_extra.ViewSetQuerysetAndPermissionTests.test_rotation_template_admin_crud) ... ok
test_training_record_queryset_own_only_for_resident (sims.tests.test_academics_coverage_extra.ViewSetQuerysetAndPermissionTests.test_training_record_queryset_own_only_for_resident) ... ok
test_training_record_queryset_scoped_for_supervisor (sims.tests.test_academics_coverage_extra.ViewSetQuerysetAndPermissionTests.test_training_record_queryset_scoped_for_supervisor) ... ok
test_training_record_queryset_visible_for_support_staff (sims.tests.test_academics_coverage_extra.ViewSetQuerysetAndPermissionTests.test_training_record_queryset_visible_for_support_staff) ... ok
test_get_ip_handling (sims.tests.test_audit_utils.AuditUtilsTests.test_get_ip_handling) ... ok
test_log_mutation_no_request (sims.tests.test_audit_utils.AuditUtilsTests.test_log_mutation_no_request) ... ok
test_log_mutation_success (sims.tests.test_audit_utils.AuditUtilsTests.test_log_mutation_success) ... ok
test_log_view_anonymous (sims.tests.test_audit_utils.AuditUtilsTests.test_log_view_anonymous) ... ok
test_log_view_authenticated (sims.tests.test_audit_utils.AuditUtilsTests.test_log_view_authenticated) ... ok
test_log_view_missing_request (sims.tests.test_audit_utils.AuditUtilsTests.test_log_view_missing_request) ... ok
test_leave_request_denials_and_actions (sims.tests.test_backend_coverage_push.BackendCoveragePushTests.test_leave_request_denials_and_actions) ... ok
test_resident_summary_structure (sims.tests.test_backend_coverage_push.BackendCoveragePushTests.test_resident_summary_structure) ... ok
test_rotation_assignment_full_cycle (sims.tests.test_backend_coverage_push.BackendCoveragePushTests.test_rotation_assignment_full_cycle) ... ok
test_milestone_viewset_extended (sims.tests.test_backend_mega_coverage.BackendMegaCoverageTests.test_milestone_viewset_extended) ... ok
test_resident_submission_workflow (sims.tests.test_backend_mega_coverage.BackendMegaCoverageTests.test_resident_submission_workflow) ... ok
test_rotation_completion_verification_flow (sims.tests.test_backend_mega_coverage.BackendMegaCoverageTests.test_rotation_completion_verification_flow) ... ok
test_apply_strict_operation_failed_branch (sims.tests.test_bulk_coverage_push2.FlexibleImportExcelBranchTests.test_apply_strict_operation_failed_branch) ... ok
test_detect_headers_xlsx (sims.tests.test_bulk_coverage_push2.FlexibleImportExcelBranchTests.test_detect_headers_xlsx) ... ok
test_dry_run_flow_xlsx (sims.tests.test_bulk_coverage_push2.FlexibleImportExcelBranchTests.test_dry_run_flow_xlsx) ... ok
test_blank_name_returns_none (sims.tests.test_bulk_coverage_push2.GetOrCreateSupervisorTests.test_blank_name_returns_none) ... ok
test_creates_new_supervisor_with_default_specialty (sims.tests.test_bulk_coverage_push2.GetOrCreateSupervisorTests.test_creates_new_supervisor_with_default_specialty) ... ok
test_finds_existing_supervisor_by_exact_name (sims.tests.test_bulk_coverage_push2.GetOrCreateSupervisorTests.test_finds_existing_supervisor_by_exact_name) ... ok
test_username_collision_with_different_role_appends_suffix (sims.tests.test_bulk_coverage_push2.GetOrCreateSupervisorTests.test_username_collision_with_different_role_appends_suffix) ... ok
test_username_collision_with_same_role_reuses_user (sims.tests.test_bulk_coverage_push2.GetOrCreateSupervisorTests.test_username_collision_with_same_role_reuses_user) ... ok
test_valid_specialty_is_used (sims.tests.test_bulk_coverage_push2.GetOrCreateSupervisorTests.test_valid_specialty_is_used) ... ok
test_apply_updates_existing_resident (sims.tests.test_bulk_coverage_push2.ImportResidentsBranchTests.test_apply_updates_existing_resident) ... /home/sims/.local/lib/python3.11/site-packages/django/db/models/fields/__init__.py:1612: RuntimeWarning: DateTimeField User.date_joined received a naive datetime (2026-09-14 00:00:00) while time zone support is active.
  warnings.warn(
ok
test_apply_without_supervisor_fails_cannot_create (sims.tests.test_bulk_coverage_push2.ImportResidentsBranchTests.test_apply_without_supervisor_fails_cannot_create) ... /home/sims/.local/lib/python3.11/site-packages/django/db/models/fields/__init__.py:1612: RuntimeWarning: DateTimeField HistoricalUser.date_joined received a naive datetime (2026-09-14 00:00:00) while time zone support is active.
  warnings.warn(
ok
test_dry_run_without_supervisor_uses_dummy_for_validation (sims.tests.test_bulk_coverage_push2.ImportResidentsBranchTests.test_dry_run_without_supervisor_uses_dummy_for_validation) ... ok
test_invalid_name_format_fails_row (sims.tests.test_bulk_coverage_push2.ImportResidentsBranchTests.test_invalid_name_format_fails_row) ... ok
test_invalid_year_fails_row (sims.tests.test_bulk_coverage_push2.ImportResidentsBranchTests.test_invalid_year_fails_row) ... ok
test_missing_specialty_fails_row (sims.tests.test_bulk_coverage_push2.ImportResidentsBranchTests.test_missing_specialty_fails_row) ... ok
test_missing_year_fails_row (sims.tests.test_bulk_coverage_push2.ImportResidentsBranchTests.test_missing_year_fails_row) ... ok
test_no_supervisor_provided_fails_without_allow_partial (sims.tests.test_bulk_coverage_push2.ImportResidentsBranchTests.test_no_supervisor_provided_fails_without_allow_partial) ... ok
test_supervisor_by_name_creates_new_supervisor (sims.tests.test_bulk_coverage_push2.ImportResidentsBranchTests.test_supervisor_by_name_creates_new_supervisor) ... ok
test_supervisor_by_username_success (sims.tests.test_bulk_coverage_push2.ImportResidentsBranchTests.test_supervisor_by_username_success) ... ok
test_unknown_supervisor_username_fails_row (sims.tests.test_bulk_coverage_push2.ImportResidentsBranchTests.test_unknown_supervisor_username_fails_row) ... ok
test_apply_creates_new_supervisor_with_generated_password (sims.tests.test_bulk_coverage_push2.ImportSupervisorsBranchTests.test_apply_creates_new_supervisor_with_generated_password) ... ok
test_apply_updates_existing_user (sims.tests.test_bulk_coverage_push2.ImportSupervisorsBranchTests.test_apply_updates_existing_user) ... ok
test_apply_with_generate_passwords_false_uses_secure_password (sims.tests.test_bulk_coverage_push2.ImportSupervisorsBranchTests.test_apply_with_generate_passwords_false_uses_secure_password) ... ok
test_department_not_found_with_allow_partial_still_succeeds (sims.tests.test_bulk_coverage_push2.ImportSupervisorsBranchTests.test_department_not_found_with_allow_partial_still_succeeds) ... ok
test_department_not_found_without_allow_partial_records_warning (sims.tests.test_bulk_coverage_push2.ImportSupervisorsBranchTests.test_department_not_found_without_allow_partial_records_warning) ... ok
test_dry_run_success_with_department (sims.tests.test_bulk_coverage_push2.ImportSupervisorsBranchTests.test_dry_run_success_with_department) ... ok
test_invalid_name_format_fails_row (sims.tests.test_bulk_coverage_push2.ImportSupervisorsBranchTests.test_invalid_name_format_fails_row) ... ok
test_invalid_specialty_fails_row (sims.tests.test_bulk_coverage_push2.ImportSupervisorsBranchTests.test_invalid_specialty_fails_row) ... ok
test_missing_name_fails_row (sims.tests.test_bulk_coverage_push2.ImportSupervisorsBranchTests.test_missing_name_fails_row) ... ok
test_missing_specialty_fails_row (sims.tests.test_bulk_coverage_push2.ImportSupervisorsBranchTests.test_missing_specialty_fails_row) ... ok
test_creates_new_supervisor_and_dedups_created_supervisors_list (sims.tests.test_bulk_coverage_push2.ImportTraineesSupervisorCreationTests.test_creates_new_supervisor_and_dedups_created_supervisors_list) ... /home/sims/.local/lib/python3.11/site-packages/django/db/models/fields/__init__.py:1612: RuntimeWarning: DateTimeField User.date_joined received a naive datetime (2026-01-01 00:00:00) while time zone support is active.
  warnings.warn(
/home/sims/.local/lib/python3.11/site-packages/django/db/models/fields/__init__.py:1612: RuntimeWarning: DateTimeField HistoricalUser.date_joined received a naive datetime (2026-01-01 00:00:00) while time zone support is active.
  warnings.warn(
/home/sims/.local/lib/python3.11/site-packages/django/db/models/fields/__init__.py:1612: RuntimeWarning: DateTimeField User.date_joined received a naive datetime (2026-01-02 00:00:00) while time zone support is active.
  warnings.warn(
/home/sims/.local/lib/python3.11/site-packages/django/db/models/fields/__init__.py:1612: RuntimeWarning: DateTimeField HistoricalUser.date_joined received a naive datetime (2026-01-02 00:00:00) while time zone support is active.
  warnings.warn(
ok
test_update_existing_trainee (sims.tests.test_bulk_coverage_push2.ImportTraineesSupervisorCreationTests.test_update_existing_trainee) ... ok
test_destroy_preset (sims.tests.test_bulk_coverage_push2.MappingPresetViewSetCrudTests.test_destroy_preset) ... ok
test_retrieve_preset (sims.tests.test_bulk_coverage_push2.MappingPresetViewSetCrudTests.test_retrieve_preset) ... ok
test_update_preset (sims.tests.test_bulk_coverage_push2.MappingPresetViewSetCrudTests.test_update_preset) ... ok
test_parses_xlsx_with_normalized_headers (sims.tests.test_bulk_coverage_push2.ParseCsvRowsExcelBranchTests.test_parses_xlsx_with_normalized_headers) ... ok
test_xlsx_missing_required_columns_raises (sims.tests.test_bulk_coverage_push2.ParseCsvRowsExcelBranchTests.test_xlsx_missing_required_columns_raises) ... ok
test_csv_missing_required_columns_raises (sims.tests.test_bulk_coverage_push2.ParseTraineeRowsBranchTests.test_csv_missing_required_columns_raises) ... ok
test_csv_with_aliased_headers (sims.tests.test_bulk_coverage_push2.ParseTraineeRowsBranchTests.test_csv_with_aliased_headers) ... ok
test_unsupported_extension_raises (sims.tests.test_bulk_coverage_push2.ParseTraineeRowsBranchTests.test_unsupported_extension_raises) ... ok
test_xlsx_missing_required_columns_raises (sims.tests.test_bulk_coverage_push2.ParseTraineeRowsBranchTests.test_xlsx_missing_required_columns_raises) ... ok
test_xlsx_with_aliased_headers (sims.tests.test_bulk_coverage_push2.ParseTraineeRowsBranchTests.test_xlsx_with_aliased_headers) ... ok
test_apply_creates_session (sims.tests.test_bulk_import_untested_methods.BulkImportAcademicSessionsTests.test_apply_creates_session) ... ok
test_apply_is_idempotent_update_or_create (sims.tests.test_bulk_import_untested_methods.BulkImportAcademicSessionsTests.test_apply_is_idempotent_update_or_create) ... ok
test_dry_run_does_not_create_session (sims.tests.test_bulk_import_untested_methods.BulkImportAcademicSessionsTests.test_dry_run_does_not_create_session) ... ok
test_missing_required_fields_fails_row (sims.tests.test_bulk_import_untested_methods.BulkImportAcademicSessionsTests.test_missing_required_fields_fails_row) ... ok
test_apply_creates_matrix_row (sims.tests.test_bulk_import_untested_methods.BulkImportHospitalDepartmentsTests.test_apply_creates_matrix_row) ... ok
test_apply_rolls_back_whole_batch_on_error_without_allow_partial (sims.tests.test_bulk_import_untested_methods.BulkImportHospitalDepartmentsTests.test_apply_rolls_back_whole_batch_on_error_without_allow_partial) ... ok
test_dry_run_does_not_create_matrix_row (sims.tests.test_bulk_import_untested_methods.BulkImportHospitalDepartmentsTests.test_dry_run_does_not_create_matrix_row) ... ok
test_missing_required_columns_fails_row (sims.tests.test_bulk_import_untested_methods.BulkImportHospitalDepartmentsTests.test_missing_required_columns_fails_row) ... ok
test_unknown_hospital_code_fails_row (sims.tests.test_bulk_import_untested_methods.BulkImportHospitalDepartmentsTests.test_unknown_hospital_code_fails_row) ... ok
test_apply_creates_training_record (sims.tests.test_bulk_import_untested_methods.BulkImportResidentTrainingRecordsTests.test_apply_creates_training_record) ... ok
test_missing_required_fields_fails_row (sims.tests.test_bulk_import_untested_methods.BulkImportResidentTrainingRecordsTests.test_missing_required_fields_fails_row) ... ok
test_unknown_program_code_fails_row (sims.tests.test_bulk_import_untested_methods.BulkImportResidentTrainingRecordsTests.test_unknown_program_code_fails_row) ... ok
test_unknown_resident_email_fails_row (sims.tests.test_bulk_import_untested_methods.BulkImportResidentTrainingRecordsTests.test_unknown_resident_email_fails_row) ... ok
test_apply_creates_rotation_template (sims.tests.test_bulk_import_untested_methods.BulkImportRotationTemplatesTests.test_apply_creates_rotation_template) ... ok
test_invalid_duration_weeks_fails_row (sims.tests.test_bulk_import_untested_methods.BulkImportRotationTemplatesTests.test_invalid_duration_weeks_fails_row) ... ok
test_unknown_program_code_fails_row (sims.tests.test_bulk_import_untested_methods.BulkImportRotationTemplatesTests.test_unknown_program_code_fails_row) ... ok
test_apply_creates_program (sims.tests.test_bulk_import_untested_methods.BulkImportTrainingProgramsTests.test_apply_creates_program) ... ok
test_apply_is_idempotent_update_or_create (sims.tests.test_bulk_import_untested_methods.BulkImportTrainingProgramsTests.test_apply_is_idempotent_update_or_create) ... ok
test_dry_run_does_not_create_program (sims.tests.test_bulk_import_untested_methods.BulkImportTrainingProgramsTests.test_dry_run_does_not_create_program) ... ok
test_invalid_duration_months_fails_row (sims.tests.test_bulk_import_untested_methods.BulkImportTrainingProgramsTests.test_invalid_duration_months_fails_row) ... ok
test_missing_required_fields_fails_row (sims.tests.test_bulk_import_untested_methods.BulkImportTrainingProgramsTests.test_missing_required_fields_fails_row) ... ok
test_import_departments_srv (sims.tests.test_bulk_services.BulkServicesTests.test_import_departments_srv) ... ok
test_import_hospitals_srv (sims.tests.test_bulk_services.BulkServicesTests.test_import_hospitals_srv) ... ok
test_import_logbook_entries_csv (sims.tests.test_bulk_services.BulkServicesTests.test_import_logbook_entries_csv) ... /home/sims/.local/lib/python3.11/site-packages/django/db/models/fields/__init__.py:1671: RuntimeWarning: DateTimeField LogbookEntry.patient_seen_at received a naive datetime (2026-01-01 00:00:00) while time zone support is active.
  warnings.warn(
/home/sims/.local/lib/python3.11/site-packages/django/db/models/fields/__init__.py:1671: RuntimeWarning: DateTimeField HistoricalLogbookEntry.patient_seen_at received a naive datetime (2026-01-01 00:00:00) while time zone support is active.
  warnings.warn(
ok
test_import_residents_srv (sims.tests.test_bulk_services.BulkServicesTests.test_import_residents_srv) ... ok
test_import_supervision_links_srv (sims.tests.test_bulk_services.BulkServicesTests.test_import_supervision_links_srv) ... ok
test_import_supervisors_srv (sims.tests.test_bulk_services.BulkServicesTests.test_import_supervisors_srv) ... ok
test_import_trainees_srv (sims.tests.test_bulk_services.BulkServicesTests.test_import_trainees_srv) ... ok
test_import_departments_missing_name_and_code_fails_row (sims.tests.test_bulk_services_coverage.BulkServiceDepartmentHospitalImportTests.test_import_departments_missing_name_and_code_fails_row) ... ok
test_import_departments_no_active_hospital_marks_failed (sims.tests.test_bulk_services_coverage.BulkServiceDepartmentHospitalImportTests.test_import_departments_no_active_hospital_marks_failed) ... ok
test_import_departments_rollback_on_error_without_allow_partial (sims.tests.test_bulk_services_coverage.BulkServiceDepartmentHospitalImportTests.test_import_departments_rollback_on_error_without_allow_partial) ... ok
test_import_hospitals_missing_code_fails_row (sims.tests.test_bulk_services_coverage.BulkServiceDepartmentHospitalImportTests.test_import_hospitals_missing_code_fails_row) ... ok
test_import_hospitals_rollback_on_error_without_allow_partial (sims.tests.test_bulk_services_coverage.BulkServiceDepartmentHospitalImportTests.test_import_hospitals_rollback_on_error_without_allow_partial) ... ok
test_export_academic_sessions_csv (sims.tests.test_bulk_services_coverage.BulkServiceExportDatasetTests.test_export_academic_sessions_csv) ... ok
test_export_departments_csv (sims.tests.test_bulk_services_coverage.BulkServiceExportDatasetTests.test_export_departments_csv) ... ok
test_export_hospitals_csv (sims.tests.test_bulk_services_coverage.BulkServiceExportDatasetTests.test_export_hospitals_csv) ... ok
test_export_matrix_csv (sims.tests.test_bulk_services_coverage.BulkServiceExportDatasetTests.test_export_matrix_csv) ... ok
test_export_resident_training_records_csv (sims.tests.test_bulk_services_coverage.BulkServiceExportDatasetTests.test_export_resident_training_records_csv) ... ok
test_export_residents_csv (sims.tests.test_bulk_services_coverage.BulkServiceExportDatasetTests.test_export_residents_csv) ... ok
test_export_rotation_templates_csv (sims.tests.test_bulk_services_coverage.BulkServiceExportDatasetTests.test_export_rotation_templates_csv) ... ok
test_export_supervision_links_csv (sims.tests.test_bulk_services_coverage.BulkServiceExportDatasetTests.test_export_supervision_links_csv) ... ok
test_export_supervisors_xlsx (sims.tests.test_bulk_services_coverage.BulkServiceExportDatasetTests.test_export_supervisors_xlsx) ... ok
test_export_template_hospitals (sims.tests.test_bulk_services_coverage.BulkServiceExportDatasetTests.test_export_template_hospitals) ... ok
test_export_template_training_programs (sims.tests.test_bulk_services_coverage.BulkServiceExportDatasetTests.test_export_template_training_programs) ... ok
test_export_training_programs_csv (sims.tests.test_bulk_services_coverage.BulkServiceExportDatasetTests.test_export_training_programs_csv) ... ok
test_export_userbase_resource_delegates_to_userbase_engine (sims.tests.test_bulk_services_coverage.BulkServiceExportDatasetTests.test_export_userbase_resource_delegates_to_userbase_engine) ... ok
test_invalid_format_raises (sims.tests.test_bulk_services_coverage.BulkServiceExportDatasetTests.test_invalid_format_raises) ... ok
test_unsupported_resource_raises (sims.tests.test_bulk_services_coverage.BulkServiceExportDatasetTests.test_unsupported_resource_raises) ... ok
test_convert_excel_to_trainee_format_maps_columns (sims.tests.test_bulk_services_coverage.BulkServiceHelperFunctionTests.test_convert_excel_to_trainee_format_maps_columns) ... ok
test_convert_excel_to_trainee_format_rejects_non_excel (sims.tests.test_bulk_services_coverage.BulkServiceHelperFunctionTests.test_convert_excel_to_trainee_format_rejects_non_excel) ... ok
test_generate_trainee_template_produces_workbook (sims.tests.test_bulk_services_coverage.BulkServiceHelperFunctionTests.test_generate_trainee_template_produces_workbook) ... ok
test_generate_username_collision_appends_counter (sims.tests.test_bulk_services_coverage.BulkServiceHelperFunctionTests.test_generate_username_collision_appends_counter) ... ok
test_infer_training_year_ranges (sims.tests.test_bulk_services_coverage.BulkServiceHelperFunctionTests.test_infer_training_year_ranges) ... ok
test_parse_date_formats_and_failure (sims.tests.test_bulk_services_coverage.BulkServiceHelperFunctionTests.test_parse_date_formats_and_failure) ... ok
test_parse_name_variants (sims.tests.test_bulk_services_coverage.BulkServiceHelperFunctionTests.test_parse_name_variants) ... ok
test_allow_partial_keeps_successful_rows (sims.tests.test_bulk_services_coverage.BulkServiceLogbookImportTests.test_allow_partial_keeps_successful_rows) ... ok
test_invalid_date_fails_row (sims.tests.test_bulk_services_coverage.BulkServiceLogbookImportTests.test_invalid_date_fails_row) ... ok
test_invalid_pg_username_fails_row (sims.tests.test_bulk_services_coverage.BulkServiceLogbookImportTests.test_invalid_pg_username_fails_row) ... ok
test_missing_required_columns_propagates_validation_error (sims.tests.test_bulk_services_coverage.BulkServiceLogbookImportTests.test_missing_required_columns_propagates_validation_error) ... ok
test_no_training_record_fails_row (sims.tests.test_bulk_services_coverage.BulkServiceLogbookImportTests.test_no_training_record_fails_row) ... ok
test_non_dry_run_rolls_back_whole_batch_on_error (sims.tests.test_bulk_services_coverage.BulkServiceLogbookImportTests.test_non_dry_run_rolls_back_whole_batch_on_error) ... ok
test_missing_columns_raise_validation_error (sims.tests.test_bulk_services_coverage.BulkServiceParseRowsTests.test_missing_columns_raise_validation_error) ... ok
test_unsupported_file_extension_raises (sims.tests.test_bulk_services_coverage.BulkServiceParseRowsTests.test_unsupported_file_extension_raises) ... ok
test_resident_actor_denied (sims.tests.test_bulk_services_coverage.BulkServicePermissionsTests.test_resident_actor_denied) ... ok
test_assign_supervisor_success_and_missing_id (sims.tests.test_bulk_services_coverage.BulkServiceReviewAssignTests.test_assign_supervisor_success_and_missing_id) ... ok
test_review_entries_updates_status (sims.tests.test_bulk_services_coverage.BulkServiceReviewAssignTests.test_review_entries_updates_status) ... ok
test_apply_creates_and_can_end_assignment (sims.tests.test_bulk_services_coverage.BulkServiceSupervisionLinksTests.test_apply_creates_and_can_end_assignment) ... ok
test_missing_emails_fails_row (sims.tests.test_bulk_services_coverage.BulkServiceSupervisionLinksTests.test_missing_emails_fails_row) ... ok
test_unknown_resident_fails_row (sims.tests.test_bulk_services_coverage.BulkServiceSupervisionLinksTests.test_unknown_resident_fails_row) ... ok
test_unknown_supervisor_fails_row (sims.tests.test_bulk_services_coverage.BulkServiceSupervisionLinksTests.test_unknown_supervisor_fails_row) ... ok
test_invalid_date_fails_row (sims.tests.test_bulk_services_coverage.BulkServiceTraineeImportTests.test_invalid_date_fails_row) ... ok
test_missing_name_fails_row (sims.tests.test_bulk_services_coverage.BulkServiceTraineeImportTests.test_missing_name_fails_row) ... ok
test_missing_supervisor_with_allow_partial_creates_unlinked_resident (sims.tests.test_bulk_services_coverage.BulkServiceTraineeImportTests.test_missing_supervisor_with_allow_partial_creates_unlinked_resident) ... ok
test_missing_supervisor_without_allow_partial_fails_row (sims.tests.test_bulk_services_coverage.BulkServiceTraineeImportTests.test_missing_supervisor_without_allow_partial_fails_row) ... ok
test_import_academic_sessions_bad_file_marks_failed (sims.tests.test_bulk_services_coverage.BulkServiceTrainingSessionParseErrorTests.test_import_academic_sessions_bad_file_marks_failed) ... ok
test_import_resident_training_records_bad_file_marks_failed (sims.tests.test_bulk_services_coverage.BulkServiceTrainingSessionParseErrorTests.test_import_resident_training_records_bad_file_marks_failed) ... ok
test_import_rotation_templates_bad_file_marks_failed (sims.tests.test_bulk_services_coverage.BulkServiceTrainingSessionParseErrorTests.test_import_rotation_templates_bad_file_marks_failed) ... ok
test_import_training_programs_bad_file_marks_failed (sims.tests.test_bulk_services_coverage.BulkServiceTrainingSessionParseErrorTests.test_import_training_programs_bad_file_marks_failed) ... ok
test_assign_supervisor_extended (sims.tests.test_bulk_services_extended.BulkServicesExtendedTests.test_assign_supervisor_extended) ... ok
test_import_supervisors_extended (sims.tests.test_bulk_services_extended.BulkServicesExtendedTests.test_import_supervisors_extended) ... ok
test_import_trainees_full (sims.tests.test_bulk_services_extended.BulkServicesExtendedTests.test_import_trainees_full) ... /home/sims/.local/lib/python3.11/site-packages/django/db/models/fields/__init__.py:1612: RuntimeWarning: DateTimeField User.date_joined received a naive datetime (2025-01-01 00:00:00) while time zone support is active.
  warnings.warn(
/home/sims/.local/lib/python3.11/site-packages/django/db/models/fields/__init__.py:1612: RuntimeWarning: DateTimeField HistoricalUser.date_joined received a naive datetime (2025-01-01 00:00:00) while time zone support is active.
  warnings.warn(
ok
test_import_userbase_departments (sims.tests.test_bulk_services_extended.BulkServicesExtendedTests.test_import_userbase_departments) ... ok
test_import_userbase_faculty_supervisors (sims.tests.test_bulk_services_extended.BulkServicesExtendedTests.test_import_userbase_faculty_supervisors) ... ok
test_import_userbase_hospitals (sims.tests.test_bulk_services_extended.BulkServicesExtendedTests.test_import_userbase_hospitals) ... ok
test_import_userbase_matrix (sims.tests.test_bulk_services_extended.BulkServicesExtendedTests.test_import_userbase_matrix) ... ok
test_import_userbase_residents (sims.tests.test_bulk_services_extended.BulkServicesExtendedTests.test_import_userbase_residents) ... ok
test_excel_parsing (sims.tests.test_bulk_userbase_engine.BulkUserbaseEngineExtendedTests.test_excel_parsing) ... ok
test_generate_username_collision (sims.tests.test_bulk_userbase_engine.BulkUserbaseEngineExtendedTests.test_generate_username_collision) ... ok
test_import_faculty_supervisor_conflict_resolution (sims.tests.test_bulk_userbase_engine.BulkUserbaseEngineExtendedTests.test_import_faculty_supervisor_conflict_resolution) ... ok
test_import_matrix_missing_prerequisites (sims.tests.test_bulk_userbase_engine.BulkUserbaseEngineExtendedTests.test_import_matrix_missing_prerequisites) ... ok
test_import_residents_validation_errors (sims.tests.test_bulk_userbase_engine.BulkUserbaseEngineExtendedTests.test_import_residents_validation_errors) ... ok
test_import_supervision_links (sims.tests.test_bulk_userbase_engine.BulkUserbaseEngineExtendedTests.test_import_supervision_links) ... ok
test_import_unsupported_entity (sims.tests.test_bulk_userbase_engine.BulkUserbaseEngineExtendedTests.test_import_unsupported_entity) ... ok
test_normalize_specialty (sims.tests.test_bulk_userbase_engine.BulkUserbaseEngineExtendedTests.test_normalize_specialty) ... ok
test_split_name (sims.tests.test_bulk_userbase_engine.BulkUserbaseEngineExtendedTests.test_split_name) ... ok
test_export_rotation_assignments (sims.tests.test_bulk_userbase_engine_coverage.ExportRowsForCoverageTests.test_export_rotation_assignments) ... ok
test_export_supervision_links (sims.tests.test_bulk_userbase_engine_coverage.ExportRowsForCoverageTests.test_export_supervision_links) ... ok
test_unsupported_export_resource_raises (sims.tests.test_bulk_userbase_engine_coverage.ExportRowsForCoverageTests.test_unsupported_export_resource_raises) ... ok
test_unsupported_template_resource_raises (sims.tests.test_bulk_userbase_engine_coverage.ExportRowsForCoverageTests.test_unsupported_template_resource_raises) ... ok
test_department_or_none_blank (sims.tests.test_bulk_userbase_engine_coverage.HelperFunctionCoverageTests.test_department_or_none_blank) ... ok
test_error_text_with_message_dict (sims.tests.test_bulk_userbase_engine_coverage.HelperFunctionCoverageTests.test_error_text_with_message_dict) ... ok
test_error_text_with_plain_message (sims.tests.test_bulk_userbase_engine_coverage.HelperFunctionCoverageTests.test_error_text_with_plain_message) ... ok
test_normalize_resident_role_invalid (sims.tests.test_bulk_userbase_engine_coverage.HelperFunctionCoverageTests.test_normalize_resident_role_invalid) ... ok
test_normalize_staff_role_invalid (sims.tests.test_bulk_userbase_engine_coverage.HelperFunctionCoverageTests.test_normalize_staff_role_invalid) ... ok
test_normalize_year_invalid (sims.tests.test_bulk_userbase_engine_coverage.HelperFunctionCoverageTests.test_normalize_year_invalid) ... ok
test_parse_bool_invalid_raises (sims.tests.test_bulk_userbase_engine_coverage.HelperFunctionCoverageTests.test_parse_bool_invalid_raises) ... ok
test_resolve_department_not_found_raises (sims.tests.test_bulk_userbase_engine_coverage.HelperFunctionCoverageTests.test_resolve_department_not_found_raises) ... ok
test_resolve_hospital_department_blank_code_returns_none (sims.tests.test_bulk_userbase_engine_coverage.HelperFunctionCoverageTests.test_resolve_hospital_department_blank_code_returns_none) ... ok
test_resolve_hospital_department_not_in_matrix (sims.tests.test_bulk_userbase_engine_coverage.HelperFunctionCoverageTests.test_resolve_hospital_department_not_in_matrix) ... ok
test_resolve_hospital_department_requires_department (sims.tests.test_bulk_userbase_engine_coverage.HelperFunctionCoverageTests.test_resolve_hospital_department_requires_department) ... ok
test_resolve_hospital_department_unknown_hospital (sims.tests.test_bulk_userbase_engine_coverage.HelperFunctionCoverageTests.test_resolve_hospital_department_unknown_hospital) ... ok
test_apply_creates_rotation_assignment (sims.tests.test_bulk_userbase_engine_coverage.RotationAssignmentsImportTests.test_apply_creates_rotation_assignment) ... ok
test_dry_run_does_not_create_row (sims.tests.test_bulk_userbase_engine_coverage.RotationAssignmentsImportTests.test_dry_run_does_not_create_row) ... ok
test_end_date_before_start_date_fails (sims.tests.test_bulk_userbase_engine_coverage.RotationAssignmentsImportTests.test_end_date_before_start_date_fails) ... ok
test_invalid_status_defaults_to_draft (sims.tests.test_bulk_userbase_engine_coverage.RotationAssignmentsImportTests.test_invalid_status_defaults_to_draft) ... ok
test_missing_matrix_link_fails (sims.tests.test_bulk_userbase_engine_coverage.RotationAssignmentsImportTests.test_missing_matrix_link_fails) ... ok
test_missing_required_field_fails (sims.tests.test_bulk_userbase_engine_coverage.RotationAssignmentsImportTests.test_missing_required_field_fails) ... ok
test_missing_training_record_fails (sims.tests.test_bulk_userbase_engine_coverage.RotationAssignmentsImportTests.test_missing_training_record_fails) ... ok
test_no_allow_partial_stops_on_first_failure (sims.tests.test_bulk_userbase_engine_coverage.RotationAssignmentsImportTests.test_no_allow_partial_stops_on_first_failure) ... ok
test_overlapping_active_assignment_fails (sims.tests.test_bulk_userbase_engine_coverage.RotationAssignmentsImportTests.test_overlapping_active_assignment_fails) ... ok
test_bulk_export_residents (sims.tests.test_bulk_views.BulkViewsTests.test_bulk_export_residents) ... ok
test_bulk_import_entity_dry_run (sims.tests.test_bulk_views.BulkViewsTests.test_bulk_import_entity_dry_run) ... ok
test_bulk_template_hospitals (sims.tests.test_bulk_views.BulkViewsTests.test_bulk_template_hospitals) ... ok
test_export_defaults_to_xlsx (sims.tests.test_bulk_views_coverage.BulkExportTemplateViewTests.test_export_defaults_to_xlsx) ... ok
test_export_forbidden_for_non_admin (sims.tests.test_bulk_views_coverage.BulkExportTemplateViewTests.test_export_forbidden_for_non_admin) ... Forbidden: /api/bulk/exports/residents/
ok
test_export_invalid_resource_returns_400 (sims.tests.test_bulk_views_coverage.BulkExportTemplateViewTests.test_export_invalid_resource_returns_400) ... Bad Request: /api/bulk/exports/not-a-resource/
ok
test_template_forbidden_for_non_admin (sims.tests.test_bulk_views_coverage.BulkExportTemplateViewTests.test_template_forbidden_for_non_admin) ... Forbidden: /api/bulk/templates/hospitals/
ok
test_template_invalid_resource_returns_400 (sims.tests.test_bulk_views_coverage.BulkExportTemplateViewTests.test_template_invalid_resource_returns_400) ... Bad Request: /api/bulk/templates/not-a-resource/
ok
test_apply_creates_hospital (sims.tests.test_bulk_views_coverage.BulkImportEntityViewTests.test_apply_creates_hospital) ... ok
test_forbidden_for_non_admin (sims.tests.test_bulk_views_coverage.BulkImportEntityViewTests.test_forbidden_for_non_admin) ... Forbidden: /api/bulk/import/hospitals/dry-run/
ok
test_invalid_action_rejected (sims.tests.test_bulk_views_coverage.BulkImportEntityViewTests.test_invalid_action_rejected) ... Bad Request: /api/bulk/import/hospitals/not-a-real-action/
ok
test_missing_file_rejected (sims.tests.test_bulk_views_coverage.BulkImportEntityViewTests.test_missing_file_rejected) ... Bad Request: /api/bulk/import/hospitals/dry-run/
ok
test_unknown_entity_rejected (sims.tests.test_bulk_views_coverage.BulkImportEntityViewTests.test_unknown_entity_rejected) ... Bad Request: /api/bulk/import/not-a-real-entity/dry-run/
ok
test_department_import_requires_admin_role (sims.tests.test_bulk_views_coverage.BulkImportViewTests.test_department_import_requires_admin_role) ... Forbidden: /api/bulk/import-departments/
ok
test_department_import_success_for_admin (sims.tests.test_bulk_views_coverage.BulkImportViewTests.test_department_import_success_for_admin) ... ok
test_logbook_import_bad_file_returns_400 (sims.tests.test_bulk_views_coverage.BulkImportViewTests.test_logbook_import_bad_file_returns_400) ... Bad Request: /api/bulk/import/
ok
test_logbook_import_success (sims.tests.test_bulk_views_coverage.BulkImportViewTests.test_logbook_import_success) ... ok
test_resident_import_success (sims.tests.test_bulk_views_coverage.BulkImportViewTests.test_resident_import_success) ... ok
test_supervisor_import_success (sims.tests.test_bulk_views_coverage.BulkImportViewTests.test_supervisor_import_success) ... ok
test_trainee_import_success (sims.tests.test_bulk_views_coverage.BulkImportViewTests.test_trainee_import_success) ... ok
test_assignment_view_success (sims.tests.test_bulk_views_coverage.BulkReviewAssignmentViewTests.test_assignment_view_success) ... ok
test_assignment_view_unknown_supervisor_404 (sims.tests.test_bulk_views_coverage.BulkReviewAssignmentViewTests.test_assignment_view_unknown_supervisor_404) ... Not Found: /api/bulk/assignment/
ok
test_review_view_invalid_status_rejected_by_serializer (sims.tests.test_bulk_views_coverage.BulkReviewAssignmentViewTests.test_review_view_invalid_status_rejected_by_serializer) ... Bad Request: /api/bulk/review/
ok
test_review_view_success (sims.tests.test_bulk_views_coverage.BulkReviewAssignmentViewTests.test_review_view_success) ... ok
test_apply_missing_file (sims.tests.test_bulk_views_coverage.FlexibleImportViewTests.test_apply_missing_file) ... Bad Request: /api/bulk/flexible/apply/
ok
test_apply_non_strict_allows_partial (sims.tests.test_bulk_views_coverage.FlexibleImportViewTests.test_apply_non_strict_allows_partial) ... ok
test_apply_strict_rejects_on_row_errors (sims.tests.test_bulk_views_coverage.FlexibleImportViewTests.test_apply_strict_rejects_on_row_errors) ... Bad Request: /api/bulk/flexible/apply/
ok
test_apply_strict_success (sims.tests.test_bulk_views_coverage.FlexibleImportViewTests.test_apply_strict_success) ... ok
test_detect_headers_csv (sims.tests.test_bulk_views_coverage.FlexibleImportViewTests.test_detect_headers_csv) ... ok
test_detect_headers_forbidden_for_non_admin (sims.tests.test_bulk_views_coverage.FlexibleImportViewTests.test_detect_headers_forbidden_for_non_admin) ... Forbidden: /api/bulk/flexible/detect-headers/
ok
test_detect_headers_missing_file (sims.tests.test_bulk_views_coverage.FlexibleImportViewTests.test_detect_headers_missing_file) ... Bad Request: /api/bulk/flexible/detect-headers/
ok
test_detect_headers_unsupported_format (sims.tests.test_bulk_views_coverage.FlexibleImportViewTests.test_detect_headers_unsupported_format) ... Bad Request: /api/bulk/flexible/detect-headers/
ok
test_dry_run_flow (sims.tests.test_bulk_views_coverage.FlexibleImportViewTests.test_dry_run_flow) ... ok
test_dry_run_invalid_mapping_json (sims.tests.test_bulk_views_coverage.FlexibleImportViewTests.test_dry_run_invalid_mapping_json) ... Bad Request: /api/bulk/flexible/dry-run/
ok
test_schemas_view_returns_entities (sims.tests.test_bulk_views_coverage.FlexibleImportViewTests.test_schemas_view_returns_entities) ... ok
test_validate_mapping_duplicate_columns (sims.tests.test_bulk_views_coverage.FlexibleImportViewTests.test_validate_mapping_duplicate_columns) ... ok
test_validate_mapping_invalid_entity (sims.tests.test_bulk_views_coverage.FlexibleImportViewTests.test_validate_mapping_invalid_entity) ... Bad Request: /api/bulk/flexible/validate-mapping/
ok
test_validate_mapping_missing_required (sims.tests.test_bulk_views_coverage.FlexibleImportViewTests.test_validate_mapping_missing_required) ... ok
test_validate_mapping_ready (sims.tests.test_bulk_views_coverage.FlexibleImportViewTests.test_validate_mapping_ready) ... ok
test_create_and_list_presets (sims.tests.test_bulk_views_coverage.MappingPresetViewSetTests.test_create_and_list_presets) ... ok
test_list_filters_by_other_users_presets (sims.tests.test_bulk_views_coverage.MappingPresetViewSetTests.test_list_filters_by_other_users_presets) ... ok
test_can_verify_logbook_entry (sims.tests.test_common_permissions.CommonPermissionsTests.test_can_verify_logbook_entry) ... ok
test_can_view_pending_logbook_queue (sims.tests.test_common_permissions.CommonPermissionsTests.test_can_view_pending_logbook_queue) ... ok
test_is_faculty (sims.tests.test_common_permissions.CommonPermissionsTests.test_is_faculty) ... ok
test_is_pg_user (sims.tests.test_common_permissions.CommonPermissionsTests.test_is_pg_user) ... ok
test_is_resident (sims.tests.test_common_permissions.CommonPermissionsTests.test_is_resident) ... ok
test_is_supervisor (sims.tests.test_common_permissions.CommonPermissionsTests.test_is_supervisor) ... ok
test_is_tech_admin (sims.tests.test_common_permissions.CommonPermissionsTests.test_is_tech_admin) ... ok
test_is_utrmc_admin (sims.tests.test_common_permissions.CommonPermissionsTests.test_is_utrmc_admin) ... ok
test_is_utrmc_admin_user (sims.tests.test_common_permissions.CommonPermissionsTests.test_is_utrmc_admin_user) ... ok
test_is_utrmc_user (sims.tests.test_common_permissions.CommonPermissionsTests.test_is_utrmc_user) ... ok
test_read_any_write_admin_or_utrmc_admin (sims.tests.test_common_permissions.CommonPermissionsTests.test_read_any_write_admin_or_utrmc_admin) ... ok
test_can_approve_rotation_override (sims.tests.test_common_permissions_coverage_push2.CommonPermissionsCoveragePush2Tests.test_can_approve_rotation_override) ... ok
test_can_verify_logbook_entry_anonymous_denied (sims.tests.test_common_permissions_coverage_push2.CommonPermissionsCoveragePush2Tests.test_can_verify_logbook_entry_anonymous_denied) ... ok
test_can_verify_logbook_entry_object_permission_no_pg (sims.tests.test_common_permissions_coverage_push2.CommonPermissionsCoveragePush2Tests.test_can_verify_logbook_entry_object_permission_no_pg) ... ok
test_can_verify_logbook_entry_object_permission_resident_denied (sims.tests.test_common_permissions_coverage_push2.CommonPermissionsCoveragePush2Tests.test_can_verify_logbook_entry_object_permission_resident_denied) ... ok
test_can_verify_logbook_entry_object_permission_wrong_supervisor (sims.tests.test_common_permissions_coverage_push2.CommonPermissionsCoveragePush2Tests.test_can_verify_logbook_entry_object_permission_wrong_supervisor) ... ok
test_can_verify_logbook_entry_role_not_allowed (sims.tests.test_common_permissions_coverage_push2.CommonPermissionsCoveragePush2Tests.test_can_verify_logbook_entry_role_not_allowed) ... ok
test_can_view_pending_logbook_queue_anonymous_denied (sims.tests.test_common_permissions_coverage_push2.CommonPermissionsCoveragePush2Tests.test_can_view_pending_logbook_queue_anonymous_denied) ... ok
test_can_view_pending_logbook_queue_role_not_allowed (sims.tests.test_common_permissions_coverage_push2.CommonPermissionsCoveragePush2Tests.test_can_view_pending_logbook_queue_role_not_allowed) ... ok
test_is_faculty_denied_paths (sims.tests.test_common_permissions_coverage_push2.CommonPermissionsCoveragePush2Tests.test_is_faculty_denied_paths) ... ok
test_is_pg_user_support_staff_denied (sims.tests.test_common_permissions_coverage_push2.CommonPermissionsCoveragePush2Tests.test_is_pg_user_support_staff_denied) ... ok
test_is_resident_denied_paths (sims.tests.test_common_permissions_coverage_push2.CommonPermissionsCoveragePush2Tests.test_is_resident_denied_paths) ... ok
test_is_supervisor_denied_paths (sims.tests.test_common_permissions_coverage_push2.CommonPermissionsCoveragePush2Tests.test_is_supervisor_denied_paths) ... ok
test_is_tech_admin_denied_paths (sims.tests.test_common_permissions_coverage_push2.CommonPermissionsCoveragePush2Tests.test_is_tech_admin_denied_paths) ... ok
test_is_utrmc_admin_denied_paths (sims.tests.test_common_permissions_coverage_push2.CommonPermissionsCoveragePush2Tests.test_is_utrmc_admin_denied_paths) ... ok
test_is_utrmc_user_denied_paths (sims.tests.test_common_permissions_coverage_push2.CommonPermissionsCoveragePush2Tests.test_is_utrmc_user_denied_paths) ... ok
test_read_any_write_admin_only (sims.tests.test_common_permissions_coverage_push2.CommonPermissionsCoveragePush2Tests.test_read_any_write_admin_only) ... ok
test_read_any_write_utrmc_admin (sims.tests.test_common_permissions_coverage_push2.CommonPermissionsCoveragePush2Tests.test_read_any_write_utrmc_admin) ... ok
test_admin_required (sims.tests.test_decorators.DecoratorTests.test_admin_required) ... ok
test_resident_required (sims.tests.test_decorators.DecoratorTests.test_resident_required) ... ok
test_supervisor_or_admin_required (sims.tests.test_decorators.DecoratorTests.test_supervisor_or_admin_required) ... ok
test_supervisor_required (sims.tests.test_decorators.DecoratorTests.test_supervisor_required) ... ok
test_recompute_for_record_logic (sims.tests.test_eligibility.EligibilityTests.test_recompute_for_record_logic) ... ok
test_research_eligibility_logic (sims.tests.test_eligibility.EligibilityTests.test_research_eligibility_logic) ... ok
test_leave_request_approve_denied_for_pg (sims.tests.test_long_tail_coverage.LongTailCoverageTests.test_leave_request_approve_denied_for_pg) ... Forbidden: /api/leaves/1/approve/
ok
test_rotation_assignment_submit_denied_for_other_pg (sims.tests.test_long_tail_coverage.LongTailCoverageTests.test_rotation_assignment_submit_denied_for_other_pg) ... Not Found: /api/rotations/1/submit/
ok
test_rotation_assignment_utrmc_approve_denied_for_supervisor (sims.tests.test_long_tail_coverage.LongTailCoverageTests.test_rotation_assignment_utrmc_approve_denied_for_supervisor) ... Forbidden: /api/rotations/1/utrmc-approve/
ok
test_user_profile_update_invalid_data (sims.tests.test_long_tail_coverage.LongTailCoverageTests.test_user_profile_update_invalid_data) ... Bad Request: /api/auth/profile/update/
ok
test_send_disabled_channel (sims.tests.test_notification_services.NotificationServicesTests.test_send_disabled_channel) ... ok
test_send_email_success (sims.tests.test_notification_services.NotificationServicesTests.test_send_email_success) ... ok
test_send_in_app_success (sims.tests.test_notification_services.NotificationServicesTests.test_send_in_app_success) ... ok
test_serialise_metadata (sims.tests.test_notification_services.NotificationServicesTests.test_serialise_metadata) ... ok
test_upcoming_rotation_deadlines (sims.tests.test_notification_services.NotificationServicesTests.test_upcoming_rotation_deadlines) ... ok
test_index_handles_stats_query_failure (sims.tests.test_small_modules_coverage_push3.AdminIndexCoverageTests.test_index_handles_stats_query_failure) ... ok
Error getting admin stats: db
test_all_records_success_and_error (sims.tests.test_small_modules_coverage_push3.RecomputeEligibilityCommandCoverageTests.test_all_records_success_and_error) ... Recomputing eligibility for 2 record(s)…
  ✓ RTR 1 (namespace(pk=1, active=True, program=None, __str__=<function RecomputeEligibilityCommandCoverageTests.test_all_records_success_and_error.<locals>.<lambda> at 0x79f2ad8ccb80>)) — 2 milestone(s) updated
  ✗ RTR 2 (namespace(pk=2, active=True, program=None, __str__=<function RecomputeEligibilityCommandCoverageTests.test_all_records_success_and_error.<locals>.<lambda> at 0x79f2ad584360>)) — ERROR: broken

Done. Success=1  Errors=1
ok
test_single_record_filter (sims.tests.test_small_modules_coverage_push3.RecomputeEligibilityCommandCoverageTests.test_single_record_filter) ... ok
Recomputing eligibility for 0 record(s)…

Done. Success=0  Errors=0
test_missing_hospital_returns_empty (sims.tests.test_small_modules_coverage_push3.RotationViewCoverageTests.test_missing_hospital_returns_empty) ... ok
test_leave_request (sims.tests.test_training_models.TrainingModelsTests.test_leave_request) ... ok
test_logbook_entry_review (sims.tests.test_training_models.TrainingModelsTests.test_logbook_entry_review) ... ok
test_rotation_assignment_status (sims.tests.test_training_models.TrainingModelsTests.test_rotation_assignment_status) ... ok
test_rtr_active_logic (sims.tests.test_training_models.TrainingModelsTests.test_rtr_active_logic) ... ok
test_leave_approval_inbox_api (sims.tests.test_training_views.TrainingViewsTests.test_leave_approval_inbox_api) ... ok
test_milestone_research_requirement_api (sims.tests.test_training_views.TrainingViewsTests.test_milestone_research_requirement_api) ... ok
test_my_eligibility_api (sims.tests.test_training_views.TrainingViewsTests.test_my_eligibility_api) ... ok
test_my_workshop_completions_api (sims.tests.test_training_views.TrainingViewsTests.test_my_workshop_completions_api) ... ok
test_program_policy_api (sims.tests.test_training_views.TrainingViewsTests.test_program_policy_api) ... ok
test_resident_research_project_api (sims.tests.test_training_views.TrainingViewsTests.test_resident_research_project_api) ... Not Found: /api/my/research/
ok
test_resident_summary_api (sims.tests.test_training_views.TrainingViewsTests.test_resident_summary_api) ... ok
test_rotation_approval_inbox_api (sims.tests.test_training_views.TrainingViewsTests.test_rotation_approval_inbox_api) ... ok
test_admin_and_supervisor_inboxes_and_settings (sims.tests.test_training_views_coverage_push3.TrainingDashboardEndpointCoverageTests.test_admin_and_supervisor_inboxes_and_settings) ... ok
test_inbox_permission_denials (sims.tests.test_training_views_coverage_push3.TrainingDashboardEndpointCoverageTests.test_inbox_permission_denials) ... Forbidden: /api/utrmc/approvals/rotations/
Forbidden: /api/utrmc/approvals/leaves/
Forbidden: /api/utrmc/eligibility/
Forbidden: /api/supervisor/rotations/pending/
Forbidden: /api/supervisor/research-approvals/
ok
test_non_resident_is_denied_from_resident_only_reads (sims.tests.test_training_views_coverage_push3.TrainingDashboardEndpointCoverageTests.test_non_resident_is_denied_from_resident_only_reads) ... Forbidden: /api/my/rotations/
Forbidden: /api/my/leaves/
ok
test_policy_and_milestone_requirement_read_write (sims.tests.test_training_views_coverage_push3.TrainingDashboardEndpointCoverageTests.test_policy_and_milestone_requirement_read_write) ... ok
test_resident_dashboard_reads (sims.tests.test_training_views_coverage_push3.TrainingDashboardEndpointCoverageTests.test_resident_dashboard_reads) ... Not Found: /api/my/research/
Not Found: /api/my/thesis/
ok
test_submission_lifecycle_and_review_branches (sims.tests.test_training_views_coverage_push3.TrainingDashboardEndpointCoverageTests.test_submission_lifecycle_and_review_branches) ... Not Found: /api/submissions/synopsis/
Bad Request: /api/submissions/synopsis/
Bad Request: /api/submissions/synopsis/submit/
ok
test_submission_required_document_and_denial_paths (sims.tests.test_training_views_coverage_push3.TrainingDashboardEndpointCoverageTests.test_submission_required_document_and_denial_paths) ... Bad Request: /api/submissions/synopsis/submit/
Bad Request: /api/submissions/synopsis/
Bad Request: /api/submissions/synopsis/documents/
Forbidden: /api/submissions/synopsis/review-queue/
Forbidden: /api/submissions/synopsis/1/review/
ok
test_workshop_listing_and_supervisor_resident_progress (sims.tests.test_training_views_coverage_push3.TrainingDashboardEndpointCoverageTests.test_workshop_listing_and_supervisor_resident_progress) ... ok
test_leave_request_actions (sims.tests.test_training_views_extended.TrainingViewsExtendedTests.test_leave_request_actions) ... ok
test_rotation_assignment_actions (sims.tests.test_training_views_extended.TrainingViewsExtendedTests.test_rotation_assignment_actions) ... ok
test_milestones_crud (sims.tests.test_training_views_heavy.TrainingViewsHeavyTests.test_milestones_crud) ... ok
test_program_rotation_template_crud (sims.tests.test_training_views_heavy.TrainingViewsHeavyTests.test_program_rotation_template_crud) ... ok
test_resident_training_record_crud (sims.tests.test_training_views_heavy.TrainingViewsHeavyTests.test_resident_training_record_crud) ... ok
test_training_program_crud (sims.tests.test_training_views_heavy.TrainingViewsHeavyTests.test_training_program_crud) ... ok
test_creates_new_superadmin (sims.tests.test_users_coverage_commands.CreateSuperadminCommandTests.test_creates_new_superadmin) ... ok
test_custom_username_and_password (sims.tests.test_users_coverage_commands.CreateSuperadminCommandTests.test_custom_username_and_password) ... ok
test_ensures_existing_user_promoted (sims.tests.test_users_coverage_commands.CreateSuperadminCommandTests.test_ensures_existing_user_promoted) ... ok
test_reset_password_flag (sims.tests.test_users_coverage_commands.CreateSuperadminCommandTests.test_reset_password_flag) ... Superadmin created: admin / admin123
You can log in at /admin/ or the app login page.
ok
test_creates_admin_user_and_imports_dry_run (sims.tests.test_users_coverage_commands.ImportTraineesCommandTests.test_creates_admin_user_and_imports_dry_run) ... /home/sims/.local/lib/python3.11/site-packages/django/db/models/fields/__init__.py:1612: RuntimeWarning: DateTimeField User.date_joined received a naive datetime (2024-01-01 00:00:00) while time zone support is active.
  warnings.warn(
ok
test_file_not_found (sims.tests.test_users_coverage_commands.ImportTraineesCommandTests.test_file_not_found) ... ok
test_file_not_found (sims.tests.test_users_coverage_commands.PreviewTraineesCommandTests.test_file_not_found) ... ok
test_preview_valid_csv (sims.tests.test_users_coverage_commands.PreviewTraineesCommandTests.test_preview_valid_csv) ... ok
test_recompute_all_users (sims.tests.test_users_coverage_commands.RecomputeDataQualityCommandTests.test_recompute_all_users) ... ok
test_recompute_specific_user (sims.tests.test_users_coverage_commands.RecomputeDataQualityCommandTests.test_recompute_specific_user) ... ok
test_recompute_user_not_found (sims.tests.test_users_coverage_commands.RecomputeDataQualityCommandTests.test_recompute_user_not_found) ... ok
test_active_surface_requires_org_data (sims.tests.test_users_coverage_commands.RemainingUserCommandSmokeTests.test_active_surface_requires_org_data) ... ok
test_cleanup_runtime_defaults_to_dry_run (sims.tests.test_users_coverage_commands.RemainingUserCommandSmokeTests.test_cleanup_runtime_defaults_to_dry_run) ... ok
test_pilot_bundle_requires_admin_actor (sims.tests.test_users_coverage_commands.RemainingUserCommandSmokeTests.test_pilot_bundle_requires_admin_actor) ... ok
test_seed_org_data_dry_run (sims.tests.test_users_coverage_commands.RemainingUserCommandSmokeTests.test_seed_org_data_dry_run) ... ok
test_seed_pilot_masters_is_idempotent (sims.tests.test_users_coverage_commands.RemainingUserCommandSmokeTests.test_seed_pilot_masters_is_idempotent) ... ok
test_creates_missing_profile_for_valid_role_user (sims.tests.test_users_coverage_commands.RepairIdentityProfilesCommandTests.test_creates_missing_profile_for_valid_role_user) ... ok
test_deletes_mismatched_profile (sims.tests.test_users_coverage_commands.RepairIdentityProfilesCommandTests.test_deletes_mismatched_profile) ... ok
test_idempotent_on_already_correct_users (sims.tests.test_users_coverage_commands.RepairIdentityProfilesCommandTests.test_idempotent_on_already_correct_users) ... ok
test_legacy_role_remap_admin (sims.tests.test_users_coverage_commands.RepairIdentityProfilesCommandTests.test_legacy_role_remap_admin) ... ok
test_legacy_role_remap_resident (sims.tests.test_users_coverage_commands.RepairIdentityProfilesCommandTests.test_legacy_role_remap_resident) ... ok
test_legacy_role_remap_supervisor (sims.tests.test_users_coverage_commands.RepairIdentityProfilesCommandTests.test_legacy_role_remap_supervisor) ... ok
test_legacy_role_remap_support_staff (sims.tests.test_users_coverage_commands.RepairIdentityProfilesCommandTests.test_legacy_role_remap_support_staff) ... ok
test_unrecognized_role_marked_invalid (sims.tests.test_users_coverage_commands.RepairIdentityProfilesCommandTests.test_unrecognized_role_marked_invalid) ... ok
test_confirm_deletes_non_preserved_users (sims.tests.test_users_coverage_commands.ResetPilotDataCommandTests.test_confirm_deletes_non_preserved_users) ... ok
test_dry_run_makes_no_changes (sims.tests.test_users_coverage_commands.ResetPilotDataCommandTests.test_dry_run_makes_no_changes) ... ok
test_seed_e2e_creates_deterministic_fixtures (sims.tests.test_users_coverage_commands.SeedE2ECommandTests.test_seed_e2e_creates_deterministic_fixtures) ... ok
test_seed_e2e_is_idempotent (sims.tests.test_users_coverage_commands.SeedE2ECommandTests.test_seed_e2e_is_idempotent) ... seed_e2e completed successfully.
ok
test_activity_log_view (sims.tests.test_users_coverage_push2.LegacyViewsExtraCoverageTests.test_activity_log_view) ... ok
test_assign_supervisor_view_get (sims.tests.test_users_coverage_push2.LegacyViewsExtraCoverageTests.test_assign_supervisor_view_get) ... ok
test_assign_supervisor_view_post_invalid (sims.tests.test_users_coverage_push2.LegacyViewsExtraCoverageTests.test_assign_supervisor_view_post_invalid) ... ok
test_excel_converter_view_no_file (sims.tests.test_users_coverage_push2.LegacyViewsExtraCoverageTests.test_excel_converter_view_no_file) ... Bad Request: /users/pgs/convert-excel/
ok
test_login_view_archived_account (sims.tests.test_users_coverage_push2.LegacyViewsExtraCoverageTests.test_login_view_archived_account) ... ok
test_login_view_inactive_account (sims.tests.test_users_coverage_push2.LegacyViewsExtraCoverageTests.test_login_view_inactive_account) ... ok
test_logout_view_get_authenticated (sims.tests.test_users_coverage_push2.LegacyViewsExtraCoverageTests.test_logout_view_get_authenticated) ... ok
test_pg_bulk_upload_view_get (sims.tests.test_users_coverage_push2.LegacyViewsExtraCoverageTests.test_pg_bulk_upload_view_get) ... ok
test_pg_bulk_upload_view_no_file (sims.tests.test_users_coverage_push2.LegacyViewsExtraCoverageTests.test_pg_bulk_upload_view_no_file) ... Bad Request: /users/pgs/bulk-upload/
ok
test_pg_list_view_admin_with_search (sims.tests.test_users_coverage_push2.LegacyViewsExtraCoverageTests.test_pg_list_view_admin_with_search) ... ok
test_pg_list_view_denied_for_resident (sims.tests.test_users_coverage_push2.LegacyViewsExtraCoverageTests.test_pg_list_view_denied_for_resident) ... Forbidden (Permission denied): /users/pgs/
Traceback (most recent call last):
  File "/home/sims/.local/lib/python3.11/site-packages/django/core/handlers/exception.py", line 55, in inner
    response = get_response(request)
               ^^^^^^^^^^^^^^^^^^^^^
  File "/home/sims/.local/lib/python3.11/site-packages/django/core/handlers/base.py", line 197, in _get_response
    response = wrapped_callback(request, *callback_args, **callback_kwargs)
               ^^^^^^^^^^^^^^^^^^^^^^^^^^^^^^^^^^^^^^^^^^^^^^^^^^^^^^^^^^^^
  File "/home/sims/.local/lib/python3.11/site-packages/django/views/generic/base.py", line 105, in view
    return self.dispatch(request, *args, **kwargs)
           ^^^^^^^^^^^^^^^^^^^^^^^^^^^^^^^^^^^^^^^
  File "/home/sims/.local/lib/python3.11/site-packages/django/contrib/auth/mixins.py", line 73, in dispatch
    return super().dispatch(request, *args, **kwargs)
           ^^^^^^^^^^^^^^^^^^^^^^^^^^^^^^^^^^^^^^^^^^
  File "/home/sims/.local/lib/python3.11/site-packages/django/views/generic/base.py", line 144, in dispatch
    return handler(request, *args, **kwargs)
           ^^^^^^^^^^^^^^^^^^^^^^^^^^^^^^^^^
  File "/tmp/repo/backend/sims/users/views.py", line 649, in get
    return pg_list_view(request)
           ^^^^^^^^^^^^^^^^^^^^^
  File "/home/sims/.local/lib/python3.11/site-packages/django/contrib/auth/decorators.py", line 59, in _view_wrapper
    return view_func(request, *args, **kwargs)
           ^^^^^^^^^^^^^^^^^^^^^^^^^^^^^^^^^^^
  File "/tmp/repo/backend/sims/users/decorators.py", line 73, in wrapper
    raise PermissionDenied("Supervisor or Admin access required")
django.core.exceptions.PermissionDenied: Supervisor or Admin access required
ok
test_pg_list_view_supervisor_scope (sims.tests.test_users_coverage_push2.LegacyViewsExtraCoverageTests.test_pg_list_view_supervisor_scope) ... ok
test_pg_progress_view_admin_access (sims.tests.test_users_coverage_push2.LegacyViewsExtraCoverageTests.test_pg_progress_view_admin_access) ... ok
test_pg_progress_view_denied_for_other_resident (sims.tests.test_users_coverage_push2.LegacyViewsExtraCoverageTests.test_pg_progress_view_denied_for_other_resident) ... Forbidden (Permission denied): /users/pg/3/progress/
Traceback (most recent call last):
  File "/home/sims/.local/lib/python3.11/site-packages/django/core/handlers/exception.py", line 55, in inner
    response = get_response(request)
               ^^^^^^^^^^^^^^^^^^^^^
  File "/home/sims/.local/lib/python3.11/site-packages/django/core/handlers/base.py", line 197, in _get_response
    response = wrapped_callback(request, *callback_args, **callback_kwargs)
               ^^^^^^^^^^^^^^^^^^^^^^^^^^^^^^^^^^^^^^^^^^^^^^^^^^^^^^^^^^^^
  File "/home/sims/.local/lib/python3.11/site-packages/django/views/generic/base.py", line 105, in view
    return self.dispatch(request, *args, **kwargs)
           ^^^^^^^^^^^^^^^^^^^^^^^^^^^^^^^^^^^^^^^
  File "/tmp/repo/backend/sims/users/views.py", line 763, in dispatch
    raise PermissionDenied("Access denied")
django.core.exceptions.PermissionDenied: Access denied
ok
test_pg_progress_view_self_access (sims.tests.test_users_coverage_push2.LegacyViewsExtraCoverageTests.test_pg_progress_view_self_access) ... ok
test_profile_view_self (sims.tests.test_users_coverage_push2.LegacyViewsExtraCoverageTests.test_profile_view_self) ... ok
test_supervisor_list_view (sims.tests.test_users_coverage_push2.LegacyViewsExtraCoverageTests.test_supervisor_list_view) ... ok
test_supervisor_list_view_denied_for_resident (sims.tests.test_users_coverage_push2.LegacyViewsExtraCoverageTests.test_supervisor_list_view_denied_for_resident) ... Forbidden (Permission denied): /users/supervisors/
Traceback (most recent call last):
  File "/home/sims/.local/lib/python3.11/site-packages/django/core/handlers/exception.py", line 55, in inner
    response = get_response(request)
               ^^^^^^^^^^^^^^^^^^^^^
  File "/home/sims/.local/lib/python3.11/site-packages/django/core/handlers/base.py", line 197, in _get_response
    response = wrapped_callback(request, *callback_args, **callback_kwargs)
               ^^^^^^^^^^^^^^^^^^^^^^^^^^^^^^^^^^^^^^^^^^^^^^^^^^^^^^^^^^^^
  File "/home/sims/.local/lib/python3.11/site-packages/django/views/generic/base.py", line 105, in view
    return self.dispatch(request, *args, **kwargs)
           ^^^^^^^^^^^^^^^^^^^^^^^^^^^^^^^^^^^^^^^
  File "/tmp/repo/backend/sims/users/decorators.py", line 89, in dispatch
    raise PermissionDenied("Admin access required")
django.core.exceptions.PermissionDenied: Admin access required
ok
test_trainee_template_download_view (sims.tests.test_users_coverage_push2.LegacyViewsExtraCoverageTests.test_trainee_template_download_view) ... ok
test_user_export_view (sims.tests.test_users_coverage_push2.LegacyViewsExtraCoverageTests.test_user_export_view) ... ok
test_user_reports_view (sims.tests.test_users_coverage_push2.LegacyViewsExtraCoverageTests.test_user_reports_view) ... ok
test_duplicate_email (sims.tests.test_users_coverage_push2.UserCreateViewValidationTests.test_duplicate_email) ... ok
test_duplicate_username (sims.tests.test_users_coverage_push2.UserCreateViewValidationTests.test_duplicate_username) ... ok
test_missing_required_fields (sims.tests.test_users_coverage_push2.UserCreateViewValidationTests.test_missing_required_fields) ... ok
test_password_mismatch (sims.tests.test_users_coverage_push2.UserCreateViewValidationTests.test_password_mismatch) ... ok
test_password_too_short (sims.tests.test_users_coverage_push2.UserCreateViewValidationTests.test_password_too_short) ... ok
test_resident_missing_specialty (sims.tests.test_users_coverage_push2.UserCreateViewValidationTests.test_resident_missing_specialty) ... ok
test_resident_missing_year_and_supervisor (sims.tests.test_users_coverage_push2.UserCreateViewValidationTests.test_resident_missing_year_and_supervisor) ... ok
test_resident_supervisor_not_found (sims.tests.test_users_coverage_push2.UserCreateViewValidationTests.test_resident_supervisor_not_found) ... ok
test_valid_admin_creation_no_specialty_required (sims.tests.test_users_coverage_push2.UserCreateViewValidationTests.test_valid_admin_creation_no_specialty_required) ... ok
test_valid_resident_creation (sims.tests.test_users_coverage_push2.UserCreateViewValidationTests.test_valid_resident_creation) ... ok
test_create_denied_for_non_manager (sims.tests.test_users_coverage_push2.UserViewSetCreateTests.test_create_denied_for_non_manager) ... Forbidden: /api/users/
ok
test_create_invalid_role (sims.tests.test_users_coverage_push2.UserViewSetCreateTests.test_create_invalid_role) ... Bad Request: /api/users/
ok
test_create_missing_full_name (sims.tests.test_users_coverage_push2.UserViewSetCreateTests.test_create_missing_full_name) ... Bad Request: /api/users/
ok
test_create_support_staff_success (sims.tests.test_users_coverage_push2.UserViewSetCreateTests.test_create_support_staff_success) ... ok
test_auth_me_missing_fields_still_allows_resident_dashboard (sims.tests.test_users_coverage_push2.UserbaseAuthMeAndCompleteProfileTests.test_auth_me_missing_fields_still_allows_resident_dashboard) ... ok
test_auth_me_must_change_password (sims.tests.test_users_coverage_push2.UserbaseAuthMeAndCompleteProfileTests.test_auth_me_must_change_password) ... ok
test_auth_me_no_profile_relation_role (sims.tests.test_users_coverage_push2.UserbaseAuthMeAndCompleteProfileTests.test_auth_me_no_profile_relation_role) ... ok
test_complete_profile_get (sims.tests.test_users_coverage_push2.UserbaseAuthMeAndCompleteProfileTests.test_complete_profile_get) ... ok
test_complete_profile_post_full_flow (sims.tests.test_users_coverage_push2.UserbaseAuthMeAndCompleteProfileTests.test_complete_profile_post_full_flow) ... ok
test_complete_profile_post_invalid_department (sims.tests.test_users_coverage_push2.UserbaseAuthMeAndCompleteProfileTests.test_complete_profile_post_invalid_department) ... Bad Request: /api/auth/complete-profile/
ok
test_complete_profile_post_invalid_hospital (sims.tests.test_users_coverage_push2.UserbaseAuthMeAndCompleteProfileTests.test_complete_profile_post_invalid_hospital) ... Bad Request: /api/auth/complete-profile/
ok
test_complete_profile_post_role_not_requiring (sims.tests.test_users_coverage_push2.UserbaseAuthMeAndCompleteProfileTests.test_complete_profile_post_role_not_requiring) ... Bad Request: /api/auth/complete-profile/
ok
test_audit_denied_for_non_manager (sims.tests.test_users_coverage_push2.UserbaseDataQualityTests.test_audit_denied_for_non_manager) ... Forbidden: /api/admin/data-quality/audit
ok
test_audit_ok (sims.tests.test_users_coverage_push2.UserbaseDataQualityTests.test_audit_ok) ... ok
test_data_quality_view_denied_for_non_manager (sims.tests.test_users_coverage_push2.UserbaseDataQualityTests.test_data_quality_view_denied_for_non_manager) ... Forbidden: /api/data-quality/
ok
test_data_quality_view_ok (sims.tests.test_users_coverage_push2.UserbaseDataQualityTests.test_data_quality_view_ok) ... ok
test_recompute_denied_for_non_manager (sims.tests.test_users_coverage_push2.UserbaseDataQualityTests.test_recompute_denied_for_non_manager) ... Forbidden: /api/admin/data-quality/recompute
ok
test_recompute_ok (sims.tests.test_users_coverage_push2.UserbaseDataQualityTests.test_recompute_ok) ... ok
test_summary_denied_for_non_manager (sims.tests.test_users_coverage_push2.UserbaseDataQualityTests.test_summary_denied_for_non_manager) ... Forbidden: /api/admin/data-quality/summary
ok
test_summary_disabled_layer (sims.tests.test_users_coverage_push2.UserbaseDataQualityTests.test_summary_disabled_layer) ... Service Unavailable: /api/admin/data-quality/summary
ok
test_summary_ok (sims.tests.test_users_coverage_push2.UserbaseDataQualityTests.test_summary_ok) ... ok
test_users_view_denied_for_non_manager (sims.tests.test_users_coverage_push2.UserbaseDataQualityTests.test_users_view_denied_for_non_manager) ... Forbidden: /api/admin/data-quality/users
ok
test_users_view_filters (sims.tests.test_users_coverage_push2.UserbaseDataQualityTests.test_users_view_filters) ... ok
test_department_roster_action_allowed_with_membership (sims.tests.test_users_coverage_push2.UserbaseHospitalDepartmentActionsTests.test_department_roster_action_allowed_with_membership) ... ok
test_department_roster_action_denied_without_membership (sims.tests.test_users_coverage_push2.UserbaseHospitalDepartmentActionsTests.test_department_roster_action_denied_without_membership) ... Forbidden: /api/departments/1/roster/
ok
test_department_roster_action_for_manager (sims.tests.test_users_coverage_push2.UserbaseHospitalDepartmentActionsTests.test_department_roster_action_for_manager) ... ok
test_hospital_departments_action (sims.tests.test_users_coverage_push2.UserbaseHospitalDepartmentActionsTests.test_hospital_departments_action) ... ok
test_identity_options_fallback_lists (sims.tests.test_users_coverage_push2.UserbaseIdentityOptionsTests.test_identity_options_fallback_lists) ... ok
test_department_membership (sims.tests.test_users_models.UsersModelsTests.test_department_membership) ... ok
test_hod_assignment (sims.tests.test_users_models.UsersModelsTests.test_hod_assignment) ... ok
test_is_roles (sims.tests.test_users_models.UsersModelsTests.test_is_roles) ... ok
test_resident_supervisor_assignment (sims.tests.test_users_models.UsersModelsTests.test_resident_supervisor_assignment) ... ok
test_user_archive (sims.tests.test_users_models.UsersModelsTests.test_user_archive) ... ok
test_user_display_name (sims.tests.test_users_models.UsersModelsTests.test_user_display_name) ... ok
test_dashboard_redirect_view (sims.tests.test_users_views.UsersViewsTests.test_dashboard_redirect_view) ... ok
test_login_view_get (sims.tests.test_users_views.UsersViewsTests.test_login_view_get) ... ok
test_login_view_post_invalid (sims.tests.test_users_views.UsersViewsTests.test_login_view_post_invalid) ... ok
test_login_view_post_success_admin (sims.tests.test_users_views.UsersViewsTests.test_login_view_post_success_admin) ... ok
test_login_view_post_success_pg (sims.tests.test_users_views.UsersViewsTests.test_login_view_post_success_pg) ... ok
test_login_view_post_success_supervisor (sims.tests.test_users_views.UsersViewsTests.test_login_view_post_success_supervisor) ... ok
test_logout_view (sims.tests.test_users_views.UsersViewsTests.test_logout_view) ... ok
test_pg_dashboard_access (sims.tests.test_users_views.UsersViewsTests.test_pg_dashboard_access) ... ok
test_supervisor_dashboard_access (sims.tests.test_users_views.UsersViewsTests.test_supervisor_dashboard_access) ... ok
test_supervisor_dashboard_denied_for_pg (sims.tests.test_users_views.UsersViewsTests.test_supervisor_dashboard_denied_for_pg) ... Forbidden (Permission denied): /users/supervisor-dashboard/
Traceback (most recent call last):
  File "/home/sims/.local/lib/python3.11/site-packages/django/core/handlers/exception.py", line 55, in inner
    response = get_response(request)
               ^^^^^^^^^^^^^^^^^^^^^
  File "/home/sims/.local/lib/python3.11/site-packages/django/core/handlers/base.py", line 197, in _get_response
    response = wrapped_callback(request, *callback_args, **callback_kwargs)
               ^^^^^^^^^^^^^^^^^^^^^^^^^^^^^^^^^^^^^^^^^^^^^^^^^^^^^^^^^^^^
  File "/home/sims/.local/lib/python3.11/site-packages/django/views/generic/base.py", line 105, in view
    return self.dispatch(request, *args, **kwargs)
           ^^^^^^^^^^^^^^^^^^^^^^^^^^^^^^^^^^^^^^^
  File "/tmp/repo/backend/sims/users/decorators.py", line 104, in dispatch
    raise PermissionDenied("Supervisor access required")
django.core.exceptions.PermissionDenied: Supervisor access required
ok
test_user_activate_deactivate (sims.tests.test_users_views.UsersViewsTests.test_user_activate_deactivate) ... ok
test_user_archive (sims.tests.test_users_views.UsersViewsTests.test_user_archive) ... ok
test_user_create_view_post (sims.tests.test_users_views.UsersViewsTests.test_user_create_view_post) ... ok
test_user_list_view_admin (sims.tests.test_users_views.UsersViewsTests.test_user_list_view_admin) ... ok
test_assign_supervisor_view (sims.tests.test_users_views_extended.UsersViewsExtendedTests.test_assign_supervisor_view) ... ok
test_pg_bulk_upload_view (sims.tests.test_users_views_extended.UsersViewsExtendedTests.test_pg_bulk_upload_view) ... ok
test_profile_edit_view (sims.tests.test_users_views_extended.UsersViewsExtendedTests.test_profile_edit_view) ... ok
test_user_delete_view (sims.tests.test_users_views_extended.UsersViewsExtendedTests.test_user_delete_view) ... ok
test_profile_detail_view (sims.tests.test_users_views_final_push.UsersViewsFinalPushTests.test_profile_detail_view) ... ok
test_supervisor_pgs_view (sims.tests.test_users_views_final_push.UsersViewsFinalPushTests.test_supervisor_pgs_view) ... ok
test_resident_cannot_create_leave_for_another_training_record (sims.training.test_feature_layer_ops.ActiveSurfaceBaselineTests.test_resident_cannot_create_leave_for_another_training_record) ... Forbidden: /api/leaves/
ok
test_seeded_baseline_resident_leave_create_works (sims.training.test_feature_layer_ops.ActiveSurfaceBaselineTests.test_seeded_baseline_resident_leave_create_works) ... === seed_org_data (APPLY) ===

--- Hospitals ---
  [CREATED] AH — Allied Hospital
  [CREATED] DHQ — DHQ Hospital
  [CREATED] GGH — Govt General Hospital Ghulam Muhammadabad

--- Departments ---
  [CREATED] MED — General Medicine
  [CREATED] SURG — General Surgery
  [CREATED] PED — Paediatrics
  [CREATED] OBG — Obstetrics & Gynaecology
  [CREATED] ORTH — Orthopaedics
  [CREATED] ENT — Ear, Nose & Throat
  [CREATED] OPTH — Ophthalmology
  [CREATED] DERM — Dermatology
  [CREATED] PSY — Psychiatry
  [CREATED] NEURO — Neurology
  [CREATED] CARD — Cardiology
  [CREATED] PULM — Pulmonology
  [CREATED] GASTRO — Gastroenterology
  [CREATED] NEPH — Nephrology
  [CREATED] ONCO — Oncology
  [CREATED] PATH — Pathology
  [CREATED] RADIO — Radiology
  [CREATED] ANAES — Anaesthesiology
  [CREATED] EMERG — Emergency Medicine
  [CREATED] ICU — Intensive Care Unit

--- Hospital-Department Matrix ---
  [LINKED] AH ↔ MED
  [LINKED] AH ↔ SURG
  [LINKED] AH ↔ PED
  [LINKED] AH ↔ OBG
  [LINKED] AH ↔ ORTH
  [LINKED] AH ↔ ENT
  [LINKED] AH ↔ OPTH
  [LINKED] AH ↔ DERM
  [LINKED] AH ↔ PSY
  [LINKED] AH ↔ NEURO
  [LINKED] AH ↔ CARD
  [LINKED] AH ↔ PULM
  [LINKED] AH ↔ GASTRO
  [LINKED] AH ↔ NEPH
  [LINKED] AH ↔ ONCO
  [LINKED] AH ↔ PATH
  [LINKED] AH ↔ RADIO
  [LINKED] AH ↔ ANAES
  [LINKED] AH ↔ EMERG
  [LINKED] AH ↔ ICU
  [LINKED] DHQ ↔ MED
  [LINKED] DHQ ↔ SURG
  [LINKED] DHQ ↔ PED
  [LINKED] DHQ ↔ OBG
  [LINKED] DHQ ↔ ORTH
  [LINKED] DHQ ↔ ENT
  [LINKED] DHQ ↔ OPTH
  [LINKED] DHQ ↔ DERM
  [LINKED] DHQ ↔ PSY
  [LINKED] DHQ ↔ NEURO
  [LINKED] DHQ ↔ CARD
  [LINKED] DHQ ↔ PULM
  [LINKED] DHQ ↔ GASTRO
  [LINKED] DHQ ↔ NEPH
  [LINKED] DHQ ↔ ONCO
  [LINKED] DHQ ↔ PATH
  [LINKED] DHQ ↔ RADIO
  [LINKED] DHQ ↔ ANAES
  [LINKED] DHQ ↔ EMERG
  [LINKED] DHQ ↔ ICU
  [LINKED] GGH ↔ MED
  [LINKED] GGH ↔ SURG
  [LINKED] GGH ↔ PED
  [LINKED] GGH ↔ OBG
  [LINKED] GGH ↔ EMERG

Done. 3 hospitals, 20 departments, 45 matrix entries seeded.
seed_active_surface_baseline completed successfully.
ok
test_leave_invalid_transitions_and_wrong_role_actions_are_blocked (sims.training.test_feature_layer_ops.FeatureLayerOperationalFlowTests.test_leave_invalid_transitions_and_wrong_role_actions_are_blocked) ... Forbidden: /api/leaves/1/approve/
Bad Request: /api/leaves/1/approve/
Bad Request: /api/leaves/1/submit/
Not Found: /api/leaves/1/approve/
Bad Request: /api/leaves/1/reject/
ok
test_rotation_application_decision_activation_completion_verification_flow (sims.training.test_feature_layer_ops.FeatureLayerOperationalFlowTests.test_rotation_application_decision_activation_completion_verification_flow) ... ok
test_rotation_completion_verify_denied_for_unauthorized_role (sims.training.test_feature_layer_ops.FeatureLayerOperationalFlowTests.test_rotation_completion_verify_denied_for_unauthorized_role) ... Forbidden: /api/rotations/completions/999999/verify/
ok
test_synopsis_and_thesis_submission_completeness_certificate_flow (sims.training.test_feature_layer_ops.FeatureLayerOperationalFlowTests.test_synopsis_and_thesis_submission_completeness_certificate_flow) ... Bad Request: /api/submissions/synopsis/submit/
ok
test_my_eligibility_empty_when_no_milestones (sims.training.test_phase6.EligibilityAPITests.test_my_eligibility_empty_when_no_milestones) ... ok
test_my_eligibility_items_use_reasons_field (sims.training.test_phase6.EligibilityAPITests.test_my_eligibility_items_use_reasons_field) ... ok
test_utrmc_eligibility_as_admin (sims.training.test_phase6.EligibilityAPITests.test_utrmc_eligibility_as_admin) ... ok
test_utrmc_eligibility_items_use_reasons_field (sims.training.test_phase6.EligibilityAPITests.test_utrmc_eligibility_items_use_reasons_field) ... ok
test_utrmc_eligibility_requires_admin (sims.training.test_phase6.EligibilityAPITests.test_utrmc_eligibility_requires_admin) ... Forbidden: /api/utrmc/eligibility/
ok
test_eligible_when_all_requirements_met (sims.training.test_phase6.EligibilityComputationTests.test_eligible_when_all_requirements_met) ... ok
test_not_ready_when_no_research_or_workshops (sims.training.test_phase6.EligibilityComputationTests.test_not_ready_when_no_research_or_workshops) ... ok
test_partially_ready_when_workshop_done_but_not_research (sims.training.test_phase6.EligibilityComputationTests.test_partially_ready_when_workshop_done_but_not_research) ... ok
test_recompute_for_record_creates_rows (sims.training.test_phase6.EligibilityComputationTests.test_recompute_for_record_creates_rows) ... ok
test_get_policy_as_admin (sims.training.test_phase6.ProgramPolicyAPITests.test_get_policy_as_admin) ... ok
test_get_policy_denied_for_pg (sims.training.test_phase6.ProgramPolicyAPITests.test_get_policy_denied_for_pg) ... Forbidden: /api/programs/1/policy/
ok
test_put_policy_as_admin (sims.training.test_phase6.ProgramPolicyAPITests.test_put_policy_as_admin) ... ok
test_create_research_project (sims.training.test_phase6.ResearchProjectAPITests.test_create_research_project) ... ok
test_submit_to_supervisor (sims.training.test_phase6.ResearchProjectAPITests.test_submit_to_supervisor) ... ok
test_supervisor_approve (sims.training.test_phase6.ResearchProjectAPITests.test_supervisor_approve) ... ok
test_supervisor_return_transitions_project_to_draft (sims.training.test_phase6.ResearchProjectAPITests.test_supervisor_return_transitions_project_to_draft) ... ok
test_create_draft (sims.training.test_phase6.ResearchProjectTransitionTests.test_create_draft) ... ok
test_full_flow (sims.training.test_phase6.ResearchProjectTransitionTests.test_full_flow) ... ok
test_invalid_transition_raises (sims.training.test_phase6.ResearchProjectTransitionTests.test_invalid_transition_raises) ... ok
test_valid_transition_draft_to_submitted (sims.training.test_phase6.ResearchProjectTransitionTests.test_valid_transition_draft_to_submitted) ... ok
test_resident_cannot_view_own_progress (sims.training.test_phase6.ResidentProgressViewTests.test_resident_cannot_view_own_progress) ... Forbidden: /api/supervisors/residents/2/progress/
ok
test_supervisor_can_view_progress (sims.training.test_phase6.ResidentProgressViewTests.test_supervisor_can_view_progress) ... ok
test_eligibility_keys (sims.training.test_phase6.ResidentSummaryTests.test_eligibility_keys) ... ok
test_summary_returns_correct_structure (sims.training.test_phase6.ResidentSummaryTests.test_summary_returns_correct_structure) ... ok
test_supervisor_denied (sims.training.test_phase6.ResidentSummaryTests.test_supervisor_denied) ... Forbidden: /api/residents/me/summary/
ok
test_training_record_fields (sims.training.test_phase6.ResidentSummaryTests.test_training_record_fields) ... ok
test_unauthenticated_denied (sims.training.test_phase6.ResidentSummaryTests.test_unauthenticated_denied) ... Unauthorized: /api/residents/me/summary/
ok
test_current_month_index_computed (sims.training.test_phase6.ResidentTrainingRecordConstraintTests.test_current_month_index_computed) ... ok
test_lock_fields_exist (sims.training.test_phase6.ResidentTrainingRecordConstraintTests.test_lock_fields_exist) ... ok
test_unique_active_program_per_resident (sims.training.test_phase6.ResidentTrainingRecordConstraintTests.test_unique_active_program_per_resident) ... ok
test_resident_denied (sims.training.test_phase6.SupervisorSummaryTests.test_resident_denied) ... Forbidden: /api/supervisors/me/summary/
ok
test_residents_sorted_by_name (sims.training.test_phase6.SupervisorSummaryTests.test_residents_sorted_by_name) ... ok
test_scoping_includes_direct_supervisor_assignment (sims.training.test_phase6.SupervisorSummaryTests.test_scoping_includes_direct_supervisor_assignment) ... ok
test_scoping_only_linked_residents (sims.training.test_phase6.SupervisorSummaryTests.test_scoping_only_linked_residents)
Supervisor sees only linked residents, not unlinked ones. ... ok
test_summary_structure (sims.training.test_phase6.SupervisorSummaryTests.test_summary_structure) ... ok
test_system_settings_accessible (sims.training.test_phase6.SystemSettingsAPITests.test_system_settings_accessible) ... ok
test_degree_type_field_exists (sims.training.test_phase6.TrainingProgramModelTests.test_degree_type_field_exists) ... ok
test_notes_field (sims.training.test_phase6.TrainingProgramModelTests.test_notes_field) ... ok
test_create_workshop_completion (sims.training.test_phase6.WorkshopCompletionAPITests.test_create_workshop_completion) ... ok
test_list_workshop_completions (sims.training.test_phase6.WorkshopCompletionAPITests.test_list_workshop_completions) ... ok
test_approve_invalid_status (sims.training.test_views_coverage_gaps.DeputationPostingActionGapsTests.test_approve_invalid_status) ... Bad Request: /api/postings/1/approve/
ok
test_approve_permission_denied_for_resident (sims.training.test_views_coverage_gaps.DeputationPostingActionGapsTests.test_approve_permission_denied_for_resident) ... Forbidden: /api/postings/1/approve/
ok
test_approve_success (sims.training.test_views_coverage_gaps.DeputationPostingActionGapsTests.test_approve_success) ... ok
test_complete_invalid_status (sims.training.test_views_coverage_gaps.DeputationPostingActionGapsTests.test_complete_invalid_status) ... Bad Request: /api/postings/1/complete/
ok
test_complete_permission_denied_for_supervisor (sims.training.test_views_coverage_gaps.DeputationPostingActionGapsTests.test_complete_permission_denied_for_supervisor) ... Forbidden: /api/postings/1/complete/
ok
test_complete_success (sims.training.test_views_coverage_gaps.DeputationPostingActionGapsTests.test_complete_success) ... ok
test_create_allowed_for_resident (sims.training.test_views_coverage_gaps.DeputationPostingActionGapsTests.test_create_allowed_for_resident) ... ok
test_create_denied_for_supervisor (sims.training.test_views_coverage_gaps.DeputationPostingActionGapsTests.test_create_denied_for_supervisor) ... Forbidden: /api/postings/
ok
test_reject_invalid_status (sims.training.test_views_coverage_gaps.DeputationPostingActionGapsTests.test_reject_invalid_status) ... Bad Request: /api/postings/1/reject/
ok
test_reject_permission_denied_for_resident (sims.training.test_views_coverage_gaps.DeputationPostingActionGapsTests.test_reject_permission_denied_for_resident) ... Forbidden: /api/postings/1/reject/
ok
test_reject_success (sims.training.test_views_coverage_gaps.DeputationPostingActionGapsTests.test_reject_success) ... ok
test_approve_invalid_status (sims.training.test_views_coverage_gaps.LeaveRequestActionGapsTests.test_approve_invalid_status) ... Bad Request: /api/leaves/1/approve/
ok
test_approve_permission_denied_for_resident (sims.training.test_views_coverage_gaps.LeaveRequestActionGapsTests.test_approve_permission_denied_for_resident) ... Forbidden: /api/leaves/1/approve/
ok
test_create_denied_for_supervisor (sims.training.test_views_coverage_gaps.LeaveRequestActionGapsTests.test_create_denied_for_supervisor) ... Forbidden: /api/leaves/
ok
test_reject_invalid_status (sims.training.test_views_coverage_gaps.LeaveRequestActionGapsTests.test_reject_invalid_status) ... Bad Request: /api/leaves/1/reject/
ok
test_reject_permission_denied_for_resident (sims.training.test_views_coverage_gaps.LeaveRequestActionGapsTests.test_reject_permission_denied_for_resident) ... Forbidden: /api/leaves/1/reject/
ok
test_reject_success (sims.training.test_views_coverage_gaps.LeaveRequestActionGapsTests.test_reject_success) ... ok
test_submit_invalid_status (sims.training.test_views_coverage_gaps.LeaveRequestActionGapsTests.test_submit_invalid_status) ... Bad Request: /api/leaves/1/submit/
ok
test_submit_not_found_for_unrelated_resident (sims.training.test_views_coverage_gaps.LeaveRequestActionGapsTests.test_submit_not_found_for_unrelated_resident) ... Not Found: /api/leaves/1/submit/
ok
test_get_and_delete_completion (sims.training.test_views_coverage_gaps.MyWorkshopCompletionDetailViewTests.test_get_and_delete_completion) ... ok
test_get_completion_not_found_for_other_resident (sims.training.test_views_coverage_gaps.MyWorkshopCompletionDetailViewTests.test_get_completion_not_found_for_other_resident) ... Not Found: /api/my/workshops/1/
ok
test_full_transition_chain_via_actions (sims.training.test_views_coverage_gaps.ResearchProjectActionViewGapsTests.test_full_transition_chain_via_actions) ... Forbidden: /api/my/research/action/accept-by-university/
ok
test_invalid_transition_returns_400 (sims.training.test_views_coverage_gaps.ResearchProjectActionViewGapsTests.test_invalid_transition_returns_400) ... Bad Request: /api/my/research/action/accept-by-university/
ok
test_supervisor_approve_requires_project_id (sims.training.test_views_coverage_gaps.ResearchProjectActionViewGapsTests.test_supervisor_approve_requires_project_id) ... Bad Request: /api/my/research/action/supervisor-approve/
ok
test_supervisor_approve_requires_role (sims.training.test_views_coverage_gaps.ResearchProjectActionViewGapsTests.test_supervisor_approve_requires_role) ... Forbidden: /api/my/research/action/supervisor-approve/
ok
test_supervisor_return_transitions_to_draft (sims.training.test_views_coverage_gaps.ResearchProjectActionViewGapsTests.test_supervisor_return_transitions_to_draft) ... ok
test_unknown_action (sims.training.test_views_coverage_gaps.ResearchProjectActionViewGapsTests.test_unknown_action) ... Bad Request: /api/my/research/action/bogus-action/
ok
test_activate_invalid_status (sims.training.test_views_coverage_gaps.RotationAssignmentActionGapsTests.test_activate_invalid_status) ... Bad Request: /api/rotations/1/activate/
ok
test_activate_permission_denied_for_supervisor (sims.training.test_views_coverage_gaps.RotationAssignmentActionGapsTests.test_activate_permission_denied_for_supervisor) ... Forbidden: /api/rotations/1/activate/
ok
test_activate_success (sims.training.test_views_coverage_gaps.RotationAssignmentActionGapsTests.test_activate_success) ... ok
test_complete_invalid_status (sims.training.test_views_coverage_gaps.RotationAssignmentActionGapsTests.test_complete_invalid_status) ... Bad Request: /api/rotations/1/complete/
ok
test_complete_permission_denied_for_supervisor (sims.training.test_views_coverage_gaps.RotationAssignmentActionGapsTests.test_complete_permission_denied_for_supervisor) ... Forbidden: /api/rotations/1/complete/
ok
test_complete_success_creates_pending_completion (sims.training.test_views_coverage_gaps.RotationAssignmentActionGapsTests.test_complete_success_creates_pending_completion) ... ok
test_confirm_completion_from_approved_transitions_to_completed (sims.training.test_views_coverage_gaps.RotationAssignmentActionGapsTests.test_confirm_completion_from_approved_transitions_to_completed) ... ok
test_confirm_completion_invalid_status (sims.training.test_views_coverage_gaps.RotationAssignmentActionGapsTests.test_confirm_completion_invalid_status) ... Bad Request: /api/rotations/1/confirm-completion/
ok
test_confirm_completion_permission_denied_for_resident (sims.training.test_views_coverage_gaps.RotationAssignmentActionGapsTests.test_confirm_completion_permission_denied_for_resident) ... Forbidden: /api/rotations/1/confirm-completion/
ok
test_confirm_completion_twice_reuses_completion_and_certificate (sims.training.test_views_coverage_gaps.RotationAssignmentActionGapsTests.test_confirm_completion_twice_reuses_completion_and_certificate) ... ok
test_hod_approve_invalid_status (sims.training.test_views_coverage_gaps.RotationAssignmentActionGapsTests.test_hod_approve_invalid_status) ... Bad Request: /api/rotations/1/hod-approve/
ok
test_hod_approve_permission_denied_for_resident (sims.training.test_views_coverage_gaps.RotationAssignmentActionGapsTests.test_hod_approve_permission_denied_for_resident) ... Forbidden: /api/rotations/1/hod-approve/
ok
test_partial_update_allowed_when_draft (sims.training.test_views_coverage_gaps.RotationAssignmentActionGapsTests.test_partial_update_allowed_when_draft) ... ok
test_partial_update_blocked_when_not_draft_or_returned (sims.training.test_views_coverage_gaps.RotationAssignmentActionGapsTests.test_partial_update_blocked_when_not_draft_or_returned) ... Bad Request: /api/rotations/1/
ok
test_reject_invalid_status (sims.training.test_views_coverage_gaps.RotationAssignmentActionGapsTests.test_reject_invalid_status) ... Bad Request: /api/rotations/1/reject/
ok
test_reject_permission_denied_for_resident (sims.training.test_views_coverage_gaps.RotationAssignmentActionGapsTests.test_reject_permission_denied_for_resident) ... Forbidden: /api/rotations/1/reject/
ok
test_reject_success (sims.training.test_views_coverage_gaps.RotationAssignmentActionGapsTests.test_reject_success) ... ok
test_returned_invalid_status (sims.training.test_views_coverage_gaps.RotationAssignmentActionGapsTests.test_returned_invalid_status) ... Bad Request: /api/rotations/1/returned/
ok
test_returned_permission_denied_for_resident (sims.training.test_views_coverage_gaps.RotationAssignmentActionGapsTests.test_returned_permission_denied_for_resident) ... Forbidden: /api/rotations/1/returned/
ok
test_review_application_approve_with_note (sims.training.test_views_coverage_gaps.RotationAssignmentActionGapsTests.test_review_application_approve_with_note) ... ok
test_review_application_defer_default_reason (sims.training.test_views_coverage_gaps.RotationAssignmentActionGapsTests.test_review_application_defer_default_reason) ... ok
test_review_application_defer_returns_with_reason (sims.training.test_views_coverage_gaps.RotationAssignmentActionGapsTests.test_review_application_defer_returns_with_reason) ... ok
test_review_application_invalid_action_value (sims.training.test_views_coverage_gaps.RotationAssignmentActionGapsTests.test_review_application_invalid_action_value) ... Bad Request: /api/rotations/1/review-application/
ok
test_review_application_invalid_status (sims.training.test_views_coverage_gaps.RotationAssignmentActionGapsTests.test_review_application_invalid_status) ... Bad Request: /api/rotations/1/review-application/
ok
test_review_application_permission_denied_for_resident (sims.training.test_views_coverage_gaps.RotationAssignmentActionGapsTests.test_review_application_permission_denied_for_resident) ... Forbidden: /api/rotations/1/review-application/
ok
test_review_application_redirect_requires_hospital_department (sims.training.test_views_coverage_gaps.RotationAssignmentActionGapsTests.test_review_application_redirect_requires_hospital_department) ... Bad Request: /api/rotations/1/review-application/
ok
test_review_application_redirect_success (sims.training.test_views_coverage_gaps.RotationAssignmentActionGapsTests.test_review_application_redirect_success) ... ok
test_review_application_reject_success (sims.training.test_views_coverage_gaps.RotationAssignmentActionGapsTests.test_review_application_reject_success) ... ok
test_submit_invalid_status (sims.training.test_views_coverage_gaps.RotationAssignmentActionGapsTests.test_submit_invalid_status) ... Bad Request: /api/rotations/1/submit/
ok
test_submit_not_found_for_unrelated_user (sims.training.test_views_coverage_gaps.RotationAssignmentActionGapsTests.test_submit_not_found_for_unrelated_user) ... Not Found: /api/rotations/1/submit/
ok
test_update_blocked_when_not_draft_or_returned (sims.training.test_views_coverage_gaps.RotationAssignmentActionGapsTests.test_update_blocked_when_not_draft_or_returned) ... Bad Request: /api/rotations/1/
ok
test_update_permission_denied_for_supervisor (sims.training.test_views_coverage_gaps.RotationAssignmentActionGapsTests.test_update_permission_denied_for_supervisor) ... Forbidden: /api/rotations/1/
ok
test_utrmc_approve_invalid_status (sims.training.test_views_coverage_gaps.RotationAssignmentActionGapsTests.test_utrmc_approve_invalid_status) ... Bad Request: /api/rotations/1/utrmc-approve/
ok
test_utrmc_approve_permission_denied_for_supervisor (sims.training.test_views_coverage_gaps.RotationAssignmentActionGapsTests.test_utrmc_approve_permission_denied_for_supervisor) ... Forbidden: /api/rotations/1/utrmc-approve/
ok
test_utrmc_approve_success_from_approved_sets_utrmc_only (sims.training.test_views_coverage_gaps.RotationAssignmentActionGapsTests.test_utrmc_approve_success_from_approved_sets_utrmc_only) ... ok
test_utrmc_approve_success_from_submitted (sims.training.test_views_coverage_gaps.RotationAssignmentActionGapsTests.test_utrmc_approve_success_from_submitted) ... ok
test_verify_completion_not_found (sims.training.test_views_coverage_gaps.RotationAssignmentActionGapsTests.test_verify_completion_not_found) ... Not Found: /api/rotations/1/verify-completion/
ok
test_verify_completion_permission_denied_for_supervisor (sims.training.test_views_coverage_gaps.RotationAssignmentActionGapsTests.test_verify_completion_permission_denied_for_supervisor) ... Forbidden: /api/rotations/1/verify-completion/
ok
test_verify_completion_success (sims.training.test_views_coverage_gaps.RotationAssignmentActionGapsTests.test_verify_completion_success) ... ok
test_completion_not_found (sims.training.test_views_coverage_gaps.RotationCompletionVerifyViewTests.test_completion_not_found) ... Not Found: /api/rotations/completions/999999/verify/
ok
test_permission_denied_for_supervisor (sims.training.test_views_coverage_gaps.RotationCompletionVerifyViewTests.test_permission_denied_for_supervisor) ... Forbidden: /api/rotations/completions/1/verify/
ok
test_create_allowed_for_admin (sims.training.test_views_coverage_gaps.SubmissionRequirementTemplateWritePermissionTests.test_create_allowed_for_admin) ... ok
test_create_denied_for_resident (sims.training.test_views_coverage_gaps.SubmissionRequirementTemplateWritePermissionTests.test_create_denied_for_resident) ... Forbidden: /api/submissions/requirements/
ok
test_destroy_denied_for_resident (sims.training.test_views_coverage_gaps.SubmissionRequirementTemplateWritePermissionTests.test_destroy_denied_for_resident) ... Forbidden: /api/submissions/requirements/1/
ok
test_invalid_action (sims.training.test_views_coverage_gaps.SubmissionReviewActionStartReviewReturnTests.test_invalid_action) ... Bad Request: /api/submissions/synopsis/1/review/
ok
test_return_success (sims.training.test_views_coverage_gaps.SubmissionReviewActionStartReviewReturnTests.test_return_success) ... ok
test_start_review_invalid_status (sims.training.test_views_coverage_gaps.SubmissionReviewActionStartReviewReturnTests.test_start_review_invalid_status) ... Bad Request: /api/submissions/synopsis/1/review/
ok
test_start_review_success (sims.training.test_views_coverage_gaps.SubmissionReviewActionStartReviewReturnTests.test_start_review_success) ... ok
test_submission_not_found (sims.training.test_views_coverage_gaps.SubmissionReviewActionStartReviewReturnTests.test_submission_not_found) ... Not Found: /api/submissions/synopsis/999999/review/
ok
test_support_staff_denied (sims.training.test_views_coverage_gaps.SubmissionReviewActionStartReviewReturnTests.test_support_staff_denied) ... Forbidden: /api/submissions/synopsis/1/review/
ok
test_already_submitted (sims.training.test_views_coverage_gaps.ThesisSubmitViewTests.test_already_submitted) ... Bad Request: /api/my/thesis/submit/
ok
test_missing_thesis_file (sims.training.test_views_coverage_gaps.ThesisSubmitViewTests.test_missing_thesis_file) ... Bad Request: /api/my/thesis/submit/
ok
test_no_thesis_record (sims.training.test_views_coverage_gaps.ThesisSubmitViewTests.test_no_thesis_record) ... Not Found: /api/my/thesis/submit/
ok
test_successful_submit (sims.training.test_views_coverage_gaps.ThesisSubmitViewTests.test_successful_submit) ... ok
test_list_workshops (sims.training.test_views_coverage_gaps.WorkshopViewSetTests.test_list_workshops) ... ok
test_unrelated_integrity_failure_rolls_back_and_is_not_a_replay (sims.training.tests.LeaveIdempotencyRollbackTest.test_unrelated_integrity_failure_rolls_back_and_is_not_a_replay) ... Internal Server Error: /api/leaves/
Traceback (most recent call last):
  File "/home/sims/.local/lib/python3.11/site-packages/django/core/handlers/exception.py", line 55, in inner
    response = get_response(request)
               ^^^^^^^^^^^^^^^^^^^^^
  File "/home/sims/.local/lib/python3.11/site-packages/django/core/handlers/base.py", line 197, in _get_response
    response = wrapped_callback(request, *callback_args, **callback_kwargs)
               ^^^^^^^^^^^^^^^^^^^^^^^^^^^^^^^^^^^^^^^^^^^^^^^^^^^^^^^^^^^^
  File "/home/sims/.local/lib/python3.11/site-packages/django/views/decorators/csrf.py", line 65, in _view_wrapper
    return view_func(request, *args, **kwargs)
           ^^^^^^^^^^^^^^^^^^^^^^^^^^^^^^^^^^^
  File "/home/sims/.local/lib/python3.11/site-packages/rest_framework/viewsets.py", line 124, in view
    return self.dispatch(request, *args, **kwargs)
           ^^^^^^^^^^^^^^^^^^^^^^^^^^^^^^^^^^^^^^^
  File "/home/sims/.local/lib/python3.11/site-packages/rest_framework/views.py", line 526, in dispatch
    response = self.handle_exception(exc)
               ^^^^^^^^^^^^^^^^^^^^^^^^^^
  File "/home/sims/.local/lib/python3.11/site-packages/rest_framework/views.py", line 474, in handle_exception
    self.raise_uncaught_exception(exc)
  File "/home/sims/.local/lib/python3.11/site-packages/rest_framework/views.py", line 485, in raise_uncaught_exception
    raise exc
  File "/home/sims/.local/lib/python3.11/site-packages/rest_framework/views.py", line 523, in dispatch
    response = handler(request, *args, **kwargs)
               ^^^^^^^^^^^^^^^^^^^^^^^^^^^^^^^^^
  File "/tmp/repo/backend/sims/training/views.py", line 683, in create
    self.perform_create(serializer)
  File "/tmp/repo/backend/sims/training/tests.py", line 447, in fail
    raise IntegrityError("synthetic post-save failure")
django.db.utils.IntegrityError: synthetic post-save failure
ok
test_full_leave_approval_flow (sims.training.tests.LeaveRequestAPITest.test_full_leave_approval_flow) ... ok
test_leave_collision_and_permissions_do_not_leak_existing_record (sims.training.tests.LeaveRequestAPITest.test_leave_collision_and_permissions_do_not_leak_existing_record) ... Forbidden: /api/leaves/
Bad Request: /api/leaves/1/
Conflict: /api/leaves/
Conflict: /api/leaves/
Forbidden: /api/leaves/
ok
test_leave_invalid_null_and_missing_keys (sims.training.tests.LeaveRequestAPITest.test_leave_invalid_null_and_missing_keys) ... Bad Request: /api/leaves/
ok
test_leave_key_cannot_move_or_change (sims.training.tests.LeaveRequestAPITest.test_leave_key_cannot_move_or_change) ... Bad Request: /api/leaves/1/
Bad Request: /api/leaves/1/
ok
test_leave_key_persisted_replay_unchanged_and_unfiltered (sims.training.tests.LeaveRequestAPITest.test_leave_key_persisted_replay_unchanged_and_unfiltered) ... ok
test_resident_creates_leave (sims.training.tests.LeaveRequestAPITest.test_resident_creates_leave) ... ok
test_resident_leave_create_requires_resident_training (sims.training.tests.LeaveRequestAPITest.test_resident_leave_create_requires_resident_training) ... Bad Request: /api/leaves/
ok
test_resident_summary_returns_empty_state_without_training_record (sims.training.tests.ResidentDashboardFallbackTest.test_resident_summary_returns_empty_state_without_training_record) ... ok
test_clean_raises_if_end_before_start (sims.training.tests.ResidentTrainingRecordConstraintTest.test_clean_raises_if_end_before_start) ... ok
test_create_and_submit_flow (sims.training.tests.RotationAssignmentAPITest.test_create_and_submit_flow) ... ok
test_hod_approve_after_submit (sims.training.tests.RotationAssignmentAPITest.test_hod_approve_after_submit) ... ok
test_resident_cannot_create (sims.training.tests.RotationAssignmentAPITest.test_resident_cannot_create) ... Forbidden: /api/rotations/
ok
test_resident_sees_own_rotations (sims.training.tests.RotationAssignmentAPITest.test_resident_sees_own_rotations) ... ok
test_returned_rotation_can_be_resubmitted_by_resident (sims.training.tests.RotationAssignmentAPITest.test_returned_rotation_can_be_resubmitted_by_resident) ... ok
test_supervisor_pending_rotations_includes_direct_supervisor_assignment (sims.training.tests.RotationAssignmentAPITest.test_supervisor_pending_rotations_includes_direct_supervisor_assignment) ... ok
test_supervisor_sees_supervised_resident_rotation_without_department_membership (sims.training.tests.RotationAssignmentAPITest.test_supervisor_sees_supervised_resident_rotation_without_department_membership) ... ok
test_no_overlap_allowed (sims.training.tests.RotationAssignmentOverlapTest.test_no_overlap_allowed) ... ok
test_non_overlapping_is_valid (sims.training.tests.RotationAssignmentOverlapTest.test_non_overlapping_is_valid) ... ok
test_create_resident_denied (sims.training.tests.TrainingProgramAPITest.test_create_resident_denied) ... Forbidden: /api/programs/
ok
test_create_utrmc_admin (sims.training.tests.TrainingProgramAPITest.test_create_utrmc_admin) ... ok
test_list_authenticated (sims.training.tests.TrainingProgramAPITest.test_list_authenticated) ... ok
test_unauthenticated_denied (sims.training.tests.TrainingProgramAPITest.test_unauthenticated_denied) ... Unauthorized: /api/programs/
ok
test_utrmc_user_can_read_but_not_update_program_policy (sims.training.tests.TrainingProgramAPITest.test_utrmc_user_can_read_but_not_update_program_policy) ... Forbidden: /api/programs/1/policy/
ok
test_str (sims.training.tests.TrainingProgramModelTest.test_str) ... ok
test_utrmc_user_can_read_eligibility_monitor (sims.training.tests.UTRMCEligibilityReadOnlyTests.test_utrmc_user_can_read_eligibility_monitor) ... ok
test_baseline_creates_canonical_org_data (sims.users.test_demo_data_reset.InitializeBaselineCommandTests.test_baseline_creates_canonical_org_data) ... initialize_pgsims_baseline (APPLY)
Groups: ADMIN, RESIDENT, SUPERVISOR, SUPPORT_STAFF
Hospitals: AH, DHQ, GGH, UTRMC
Departments: ANAES, CARD, DERM, ENT, EMERG, GASTRO, OBG, ICU, MED, NEPH, NEURO, ONCO, OPTH, ORTH, PATH, PED, PSY, PULM, RADIO, SURG
Hospital-department matrix: intentionally left empty for manual correction.
Admin user ensured: ADMIN <admin@pgsims.local>
initialize_pgsims_baseline completed successfully.
ok
test_initialize_is_idempotent (sims.users.test_demo_data_reset.InitializeBaselineCommandTests.test_initialize_is_idempotent) ... initialize_pgsims_baseline (APPLY)
Groups: ADMIN, RESIDENT, SUPERVISOR, SUPPORT_STAFF
Hospitals: AH, DHQ, GGH, UTRMC
Departments: ANAES, CARD, DERM, ENT, EMERG, GASTRO, OBG, ICU, MED, NEPH, NEURO, ONCO, OPTH, ORTH, PATH, PED, PSY, PULM, RADIO, SURG
Hospital-department matrix: intentionally left empty for manual correction.
Admin user ensured: ADMIN <admin@pgsims.local>
initialize_pgsims_baseline completed successfully.
initialize_pgsims_baseline (APPLY)
Groups: ADMIN, RESIDENT, SUPERVISOR, SUPPORT_STAFF
Hospitals: AH, DHQ, GGH, UTRMC
Departments: ANAES, CARD, DERM, ENT, EMERG, GASTRO, OBG, ICU, MED, NEPH, NEURO, ONCO, OPTH, ORTH, PATH, PED, PSY, PULM, RADIO, SURG
Hospital-department matrix: intentionally left empty for manual correction.
Admin user ensured: ADMIN <admin@pgsims.local>
initialize_pgsims_baseline completed successfully.
ok
test_confirm_removes_fake_graph_and_preserves_canonical_data (sims.users.test_demo_data_reset.ResetDemoDataCommandTests.test_confirm_removes_fake_graph_and_preserves_canonical_data) ... initialize_pgsims_baseline (APPLY)
Groups: ADMIN, RESIDENT, SUPERVISOR, SUPPORT_STAFF
Hospitals: AH, DHQ, GGH, UTRMC
Departments: ANAES, CARD, DERM, ENT, EMERG, GASTRO, OBG, ICU, MED, NEPH, NEURO, ONCO, OPTH, ORTH, PATH, PED, PSY, PULM, RADIO, SURG
Hospital-department matrix: intentionally left empty for manual correction.
Admin user ensured: ADMIN <admin@pgsims.local>
initialize_pgsims_baseline completed successfully.
reset_demo_data plan
Mode: APPLY
Keep usernames: admin, pilot_admin
Keep emails: admin@pgsims.local
Preserved admin: ADMIN <admin@pgsims.local> [ADMIN]

audit_activitylog: 26
audit_auditreport: 1
bulk_bulkoperation: 1
notifications_notification: 1
notifications_notificationpreference: 1
users_datacorrectionaudit: 1
training_rotationcertificate: 1
training_rotationcompletion: 1
training_submissioncertificate: 1
training_submissionreview: 1
training_submissiondocument: 1
training_residentsubmission: 1
training_logbookreview: 1
training_logbookentry: 1
training_logbookthresholdsnapshot: 1
training_residentmilestoneeligibility: 1
training_residentworkshopcompletion: 1
training_residentthesis: 1
training_residentresearchproject: 1
training_leave_request: 1
training_deputationposting: 1
training_rotationassignment: 1
training_programmilestoneworkshoprequirement: 1
training_programmilestoneresearchrequirement: 1
training_programmilestonelogbookrequirement: 1
training_programrotationrequirement: 1
training_programmilestone: 1
training_logbookthresholdconfig: 1
training_programpolicy: 1
training_programrotationtemplate: 1
training_submissionrequirementtemplate: 1
training_residenttrainingrecord: 1
training_workshop: 1
training_trainingprogram: 1
users_hospitalassignment: 1
users_departmentmembership: 2
supervision_residentsupervisorassignment: 1
users_supervisorprofile: 2
users_residentprofile: 1
users_user: 3
  sample: resident_user, hod_user, supervisor_user
rotations_hospitaldepartment: 1
academics_department: 1
  sample: D-1778624851512
rotations_hospital: 1
  sample: H-1778624851512
users_historicaluser: 3
  sample: resident_user, hod_user, supervisor_user
audit_historicalauditreport: 1
training_historicaltrainingprogram: 1
  sample: E2E-FCPS
training_historicalprogrampolicy: 1
training_historicalprogrammilestone: 1
  sample: IMM
training_historicalprogrammilestoneresearchrequirement: 1
training_historicalprogrammilestoneworkshoprequirement: 1
training_historicalprogrammilestonelogbookrequirement: 1
training_historicalprogramrotationrequirement: 1
training_historicalprogramrotationtemplate: 1
  sample: Demo Rotation Template
training_historicallogbookthresholdconfig: 1
training_historicalresidenttrainingrecord: 1
training_historicalrotationassignment: 1
training_historicalrotationcompletion: 1
training_historicalrotationcertificate: 1
training_historicalleaverequest: 1
training_historicaldeputationposting: 1
training_historicalresidentresearchproject: 1
training_historicalresidentthesis: 1
training_historicalresidentworkshopcompletion: 1
training_historicallogbookentry: 1
training_historicallogbookreview: 1
training_historicalresidentsubmission: 1
training_historicalsubmissionrequirementtemplate: 1
training_historicalsubmissiondocument: 1
training_historicalsubmissionreview: 1
training_historicalsubmissioncertificate: 1
training_historicalworkshop: 1
  sample: DEMO-WS-1
users_historicalsupervisorprofile: 2
users_historicalresidentprofile: 1
supervision_historicalresidentsupervisorassignment: 1

Total planned deletions: 106
Deleted 26 from audit_activitylog
Deleted 1 from audit_auditreport
Deleted 1 from bulk_bulkoperation
Deleted 1 from notifications_notification
Deleted 1 from notifications_notificationpreference
Deleted 1 from users_datacorrectionaudit
Deleted 1 from training_rotationcertificate
Deleted 1 from training_rotationcompletion
Deleted 1 from training_submissioncertificate
Deleted 1 from training_submissionreview
Deleted 1 from training_submissiondocument
Deleted 1 from training_residentsubmission
Deleted 1 from training_logbookreview
Deleted 1 from training_logbookentry
Deleted 1 from training_logbookthresholdsnapshot
Deleted 1 from training_residentmilestoneeligibility
Deleted 1 from training_residentworkshopcompletion
Deleted 1 from training_residentthesis
Deleted 1 from training_residentresearchproject
Deleted 1 from training_leave_request
Deleted 1 from training_deputationposting
Deleted 1 from training_rotationassignment
Deleted 1 from training_programmilestoneworkshoprequirement
Deleted 1 from training_programmilestoneresearchrequirement
Deleted 1 from training_programmilestonelogbookrequirement
Deleted 1 from training_programrotationrequirement
Deleted 1 from training_programmilestone
Deleted 1 from training_logbookthresholdconfig
Deleted 1 from training_programpolicy
Deleted 1 from training_programrotationtemplate
Deleted 1 from training_submissionrequirementtemplate
Deleted 1 from training_residenttrainingrecord
Deleted 1 from training_workshop
Deleted 1 from training_trainingprogram
Deleted 1 from users_hospitalassignment
Deleted 2 from users_departmentmembership
Deleted 1 from supervision_residentsupervisorassignment
Deleted 2 from users_supervisorprofile
Deleted 1 from users_residentprofile
Deleted 3 from users_user
Deleted 1 from rotations_hospitaldepartment
Deleted 1 from academics_department
Deleted 1 from rotations_hospital
Deleted 6 from users_historicaluser
Deleted 2 from audit_historicalauditreport
Deleted 2 from training_historicaltrainingprogram
Deleted 2 from training_historicalprogrampolicy
Deleted 2 from training_historicalprogrammilestone
Deleted 2 from training_historicalprogrammilestoneresearchrequirement
Deleted 2 from training_historicalprogrammilestoneworkshoprequirement
Deleted 2 from training_historicalprogrammilestonelogbookrequirement
Deleted 2 from training_historicalprogramrotationrequirement
Deleted 2 from training_historicalprogramrotationtemplate
Deleted 2 from training_historicallogbookthresholdconfig
Deleted 2 from training_historicalresidenttrainingrecord
Deleted 2 from training_historicalrotationassignment
Deleted 2 from training_historicalrotationcompletion
Deleted 2 from training_historicalrotationcertificate
Deleted 2 from training_historicalleaverequest
Deleted 2 from training_historicaldeputationposting
Deleted 2 from training_historicalresidentresearchproject
Deleted 2 from training_historicalresidentthesis
Deleted 2 from training_historicalresidentworkshopcompletion
Deleted 2 from training_historicallogbookentry
Deleted 2 from training_historicallogbookreview
Deleted 2 from training_historicalresidentsubmission
Deleted 2 from training_historicalsubmissionrequirementtemplate
Deleted 2 from training_historicalsubmissiondocument
Deleted 2 from training_historicalsubmissionreview
Deleted 2 from training_historicalsubmissioncertificate
Deleted 2 from training_historicalworkshop
Deleted 4 from users_historicalsupervisorprofile
Deleted 2 from users_historicalresidentprofile
Deleted 2 from supervision_historicalresidentsupervisorassignment

reset_demo_data completed successfully.
ok
test_dry_run_does_not_delete_anything (sims.users.test_demo_data_reset.ResetDemoDataCommandTests.test_dry_run_does_not_delete_anything) ... initialize_pgsims_baseline (APPLY)
Groups: ADMIN, RESIDENT, SUPERVISOR, SUPPORT_STAFF
Hospitals: AH, DHQ, GGH, UTRMC
Departments: ANAES, CARD, DERM, ENT, EMERG, GASTRO, OBG, ICU, MED, NEPH, NEURO, ONCO, OPTH, ORTH, PATH, PED, PSY, PULM, RADIO, SURG
Hospital-department matrix: intentionally left empty for manual correction.
Admin user ensured: ADMIN <admin@pgsims.local>
initialize_pgsims_baseline completed successfully.
reset_demo_data plan
Mode: DRY-RUN
Keep usernames: admin, pilot_admin
Keep emails: admin@pgsims.local
Preserved admin: ADMIN <admin@pgsims.local> [ADMIN]

audit_activitylog: 26
audit_auditreport: 1
bulk_bulkoperation: 1
notifications_notification: 1
notifications_notificationpreference: 1
users_datacorrectionaudit: 1
training_rotationcertificate: 1
training_rotationcompletion: 1
training_submissioncertificate: 1
training_submissionreview: 1
training_submissiondocument: 1
training_residentsubmission: 1
training_logbookreview: 1
training_logbookentry: 1
training_logbookthresholdsnapshot: 1
training_residentmilestoneeligibility: 1
training_residentworkshopcompletion: 1
training_residentthesis: 1
training_residentresearchproject: 1
training_leave_request: 1
training_deputationposting: 1
training_rotationassignment: 1
training_programmilestoneworkshoprequirement: 1
training_programmilestoneresearchrequirement: 1
training_programmilestonelogbookrequirement: 1
training_programrotationrequirement: 1
training_programmilestone: 1
training_logbookthresholdconfig: 1
training_programpolicy: 1
training_programrotationtemplate: 1
training_submissionrequirementtemplate: 1
training_residenttrainingrecord: 1
training_workshop: 1
training_trainingprogram: 1
users_hospitalassignment: 1
users_departmentmembership: 2
supervision_residentsupervisorassignment: 1
users_supervisorprofile: 2
users_residentprofile: 1
users_user: 3
  sample: resident_user, hod_user, supervisor_user
rotations_hospitaldepartment: 1
academics_department: 1
  sample: D-1778624851512
rotations_hospital: 1
  sample: H-1778624851512
users_historicaluser: 3
  sample: resident_user, hod_user, supervisor_user
audit_historicalauditreport: 1
training_historicaltrainingprogram: 1
  sample: E2E-FCPS
training_historicalprogrampolicy: 1
training_historicalprogrammilestone: 1
  sample: IMM
training_historicalprogrammilestoneresearchrequirement: 1
training_historicalprogrammilestoneworkshoprequirement: 1
training_historicalprogrammilestonelogbookrequirement: 1
training_historicalprogramrotationrequirement: 1
training_historicalprogramrotationtemplate: 1
  sample: Demo Rotation Template
training_historicallogbookthresholdconfig: 1
training_historicalresidenttrainingrecord: 1
training_historicalrotationassignment: 1
training_historicalrotationcompletion: 1
training_historicalrotationcertificate: 1
training_historicalleaverequest: 1
training_historicaldeputationposting: 1
training_historicalresidentresearchproject: 1
training_historicalresidentthesis: 1
training_historicalresidentworkshopcompletion: 1
training_historicallogbookentry: 1
training_historicallogbookreview: 1
training_historicalresidentsubmission: 1
training_historicalsubmissionrequirementtemplate: 1
training_historicalsubmissiondocument: 1
training_historicalsubmissionreview: 1
training_historicalsubmissioncertificate: 1
training_historicalworkshop: 1
  sample: DEMO-WS-1
users_historicalsupervisorprofile: 2
users_historicalresidentprofile: 1
supervision_historicalresidentsupervisorassignment: 1

Total planned deletions: 106
Dry-run complete. Re-run with --confirm to delete.
ok
test_public_registration_creates_pg_when_enabled (sims.users.test_registration_api.PublicRegistrationAPITests.test_public_registration_creates_pg_when_enabled) ... /home/sims/.local/lib/python3.11/site-packages/jwt/api_jwt.py:149: InsecureKeyLengthWarning: The HMAC key is 28 bytes long, which is below the minimum recommended length of 32 bytes for SHA256. See RFC 7518 Section 3.2.
  return self._jws.encode(
ok
test_public_registration_disabled_by_default (sims.users.test_registration_api.PublicRegistrationAPITests.test_public_registration_disabled_by_default) ... Forbidden: /api/auth/register/
ok
test_public_registration_rejects_privileged_roles (sims.users.test_registration_api.PublicRegistrationAPITests.test_public_registration_rejects_privileged_roles) ... Bad Request: /api/auth/register/
ok
test_auth_me_allows_incomplete_resident_to_reach_dashboard (sims.users.test_resident_onboarding.ResidentOnboardingConsolidationTests.test_auth_me_allows_incomplete_resident_to_reach_dashboard) ... ok
test_auth_me_does_not_force_non_resident_onboarding (sims.users.test_resident_onboarding.ResidentOnboardingConsolidationTests.test_auth_me_does_not_force_non_resident_onboarding) ... ok
test_deferred_document_is_specific_and_upload_clears_reminder (sims.users.test_resident_onboarding.ResidentOnboardingConsolidationTests.test_deferred_document_is_specific_and_upload_clears_reminder) ... ok
test_existing_supervisor_creates_canonical_assignment (sims.users.test_resident_onboarding.ResidentOnboardingConsolidationTests.test_existing_supervisor_creates_canonical_assignment) ... ok
test_missing_supervisor_creates_pending_record_not_fake_identity (sims.users.test_resident_onboarding.ResidentOnboardingConsolidationTests.test_missing_supervisor_creates_pending_record_not_fake_identity) ... ok
test_non_resident_cannot_access_resident_onboarding_api (sims.users.test_resident_onboarding.ResidentOnboardingConsolidationTests.test_non_resident_cannot_access_resident_onboarding_api) ... Forbidden: /api/auth/onboarding/
Forbidden: /api/resident-onboarding/state/
Forbidden: /api/resident-onboarding/state/
ok
test_resident_cannot_review_document (sims.users.test_resident_onboarding.ResidentOnboardingConsolidationTests.test_resident_cannot_review_document) ... Forbidden: /api/resident-documents/1/review/
ok
test_admin_can_approve_pending_review_profile (sims.users.test_resident_onboarding.ResidentOnboardingReviewGateTests.test_admin_can_approve_pending_review_profile) ... ok
test_admin_cannot_approve_unsubmitted_profile (sims.users.test_resident_onboarding.ResidentOnboardingReviewGateTests.test_admin_cannot_approve_unsubmitted_profile) ... Conflict: /api/residents/3/approve-onboarding/
ok
test_cannot_resubmit_after_approval (sims.users.test_resident_onboarding.ResidentOnboardingReviewGateTests.test_cannot_resubmit_after_approval) ... Conflict: /api/resident-onboarding/state/
ok
test_complete_profile_submission_moves_to_pending_review (sims.users.test_resident_onboarding.ResidentOnboardingReviewGateTests.test_complete_profile_submission_moves_to_pending_review) ... ok
test_correction_request_and_resubmission_flow (sims.users.test_resident_onboarding.ResidentOnboardingReviewGateTests.test_correction_request_and_resubmission_flow) ... ok
test_correction_request_requires_reason (sims.users.test_resident_onboarding.ResidentOnboardingReviewGateTests.test_correction_request_requires_reason) ... Bad Request: /api/residents/3/request-onboarding-correction/
ok
test_incomplete_profile_cannot_be_submitted (sims.users.test_resident_onboarding.ResidentOnboardingReviewGateTests.test_incomplete_profile_cannot_be_submitted) ... Bad Request: /api/resident-onboarding/state/
ok
test_patch_personal_info_updates_user_and_profile (sims.users.test_resident_onboarding.ResidentOnboardingReviewGateTests.test_patch_personal_info_updates_user_and_profile) ... ok
test_resident_cannot_approve_own_onboarding (sims.users.test_resident_onboarding.ResidentOnboardingReviewGateTests.test_resident_cannot_approve_own_onboarding) ... Forbidden: /api/residents/3/approve-onboarding/
ok
test_supervisor_cannot_request_correction (sims.users.test_resident_onboarding.ResidentOnboardingReviewGateTests.test_supervisor_cannot_request_correction) ... Forbidden: /api/residents/4/request-onboarding-correction/
ok
test_unrelated_resident_cannot_approve_another_residents_onboarding (sims.users.test_resident_onboarding.ResidentOnboardingReviewGateTests.test_unrelated_resident_cannot_approve_another_residents_onboarding) ... Forbidden: /api/residents/3/approve-onboarding/
ok
test_admin_can_access_document (sims.users.test_security_remediation_m1.SecurityRemediationM1Tests.test_admin_can_access_document)
Admin can access any resident's document. ... ok
test_admin_can_access_resident_progress (sims.users.test_security_remediation_m1.SecurityRemediationM1Tests.test_admin_can_access_resident_progress)
Admin can access any resident's progress endpoint. ... ok
test_admin_can_view_any_resident_profile (sims.users.test_security_remediation_m1.SecurityRemediationM1Tests.test_admin_can_view_any_resident_profile)
Admin can view any resident profile. ... ok
test_assigned_supervisor_can_access_document (sims.users.test_security_remediation_m1.SecurityRemediationM1Tests.test_assigned_supervisor_can_access_document)
Supervisor 1 (assigned) can access Resident 1's document. ... ok
test_assigned_supervisor_can_access_resident_progress (sims.users.test_security_remediation_m1.SecurityRemediationM1Tests.test_assigned_supervisor_can_access_resident_progress)
Supervisor 1 can access Resident 1's progress endpoint. ... ok
test_assigned_supervisor_can_view_resident_profile (sims.users.test_security_remediation_m1.SecurityRemediationM1Tests.test_assigned_supervisor_can_view_resident_profile)
Supervisor 1 can view Resident 1's profile because an active assignment exists. ... ok
test_change_password_validates_password_strength (sims.users.test_security_remediation_m1.SecurityRemediationM1Tests.test_change_password_validates_password_strength)
Password change rejects too short or common passwords. ... Bad Request: /api/auth/change-password/
ok
test_document_owner_can_access_document (sims.users.test_security_remediation_m1.SecurityRemediationM1Tests.test_document_owner_can_access_document)
Resident 1 (owner) can download own document with private cache headers. ... ok
test_jwt_logout_blacklists_refresh_token (sims.users.test_security_remediation_m1.SecurityRemediationM1Tests.test_jwt_logout_blacklists_refresh_token)
Logout endpoint blacklists refresh token, preventing subsequent refresh. ... /home/sims/.local/lib/python3.11/site-packages/jwt/api_jwt.py:370: InsecureKeyLengthWarning: The HMAC key is 28 bytes long, which is below the minimum recommended length of 32 bytes for SHA256. See RFC 7518 Section 3.2.
  decoded = self.decode_complete(
Unauthorized: /api/auth/refresh/
ok
test_resident_cannot_list_admin_profiles (sims.users.test_security_remediation_m1.SecurityRemediationM1Tests.test_resident_cannot_list_admin_profiles)
Resident calling admin-profiles list receives empty list. ... ok
test_resident_cannot_mutate_other_resident_profile (sims.users.test_security_remediation_m1.SecurityRemediationM1Tests.test_resident_cannot_mutate_other_resident_profile)
Resident cannot patch another resident's profile. ... Forbidden: /api/residents/3/
ok
test_resident_cannot_retrieve_other_resident_profile (sims.users.test_security_remediation_m1.SecurityRemediationM1Tests.test_resident_cannot_retrieve_other_resident_profile)
Resident cannot view another resident's profile object. ... Forbidden: /api/residents/3/
ok
test_self_profile_update_allows_safe_fields (sims.users.test_security_remediation_m1.SecurityRemediationM1Tests.test_self_profile_update_allows_safe_fields)
Resident can safely update first_name, last_name, and phone_number. ... ok
test_self_profile_update_cannot_elevate_role_to_admin (sims.users.test_security_remediation_m1.SecurityRemediationM1Tests.test_self_profile_update_cannot_elevate_role_to_admin)
Resident cannot escalate role to ADMIN via /api/auth/profile/update/. ... Bad Request: /api/auth/profile/update/
ok
test_self_profile_update_cannot_mutate_is_active (sims.users.test_security_remediation_m1.SecurityRemediationM1Tests.test_self_profile_update_cannot_mutate_is_active)
Resident cannot deactivate/reactivate account via self profile update. ... Bad Request: /api/auth/profile/update/
ok
test_self_profile_update_cannot_mutate_username (sims.users.test_security_remediation_m1.SecurityRemediationM1Tests.test_self_profile_update_cannot_mutate_username)
Resident cannot change username via self profile update. ... Bad Request: /api/auth/profile/update/
ok
test_unassigned_supervisor_cannot_access_document (sims.users.test_security_remediation_m1.SecurityRemediationM1Tests.test_unassigned_supervisor_cannot_access_document)
Supervisor 2 (unassigned) cannot access Resident 1's document. ... Not Found: /api/resident-documents/1/file/
ok
test_unassigned_supervisor_cannot_access_resident_progress (sims.users.test_security_remediation_m1.SecurityRemediationM1Tests.test_unassigned_supervisor_cannot_access_resident_progress)
Supervisor 2 cannot access Resident 1's progress endpoint (IDOR prevention). ... Forbidden: /api/supervisors/residents/2/progress/
ok
test_unassigned_supervisor_cannot_view_resident_profile (sims.users.test_security_remediation_m1.SecurityRemediationM1Tests.test_unassigned_supervisor_cannot_view_resident_profile)
Supervisor 2 cannot view Resident 1's profile because there is no assignment. ... Forbidden: /api/residents/2/
ok
test_unauthenticated_cannot_access_resident_document (sims.users.test_security_remediation_m1.SecurityRemediationM1Tests.test_unauthenticated_cannot_access_resident_document)
Unauthenticated request to download resident document is denied. ... Unauthorized: /api/resident-documents/1/file/
ok
test_unrelated_resident_cannot_access_document (sims.users.test_security_remediation_m1.SecurityRemediationM1Tests.test_unrelated_resident_cannot_access_document)
Resident 2 cannot access Resident 1's uploaded document. ... Not Found: /api/resident-documents/1/file/
ok
test_seed_demo_data_creates_demo_graph_and_admin_login (sims.users.test_seed_demo_data.SeedDemoDataCommandTests.test_seed_demo_data_creates_demo_graph_and_admin_login) ... seed_demo_data completed successfully.
Admin login: ADMIN / admin123
[credential-like test output redacted]
Demo users seeded: 15
Demo hospitals seeded: 2
Demo departments seeded: 2
Hospital-department links: 4
Resident training records: 8
Rotation assignments: 24
Workshop completions: 8
Eligibility snapshots recomputed: 16
Sample logins:
[credential-like test output redacted]
[credential-like test output redacted]
[credential-like test output redacted]
ok
test_seed_demo_data_is_idempotent (sims.users.test_seed_demo_data.SeedDemoDataCommandTests.test_seed_demo_data_is_idempotent) ... seed_demo_data completed successfully.
Admin login: ADMIN / admin123
[credential-like test output redacted]
Demo users seeded: 15
Demo hospitals seeded: 2
Demo departments seeded: 2
Hospital-department links: 4
Resident training records: 8
Rotation assignments: 24
Workshop completions: 8
Eligibility snapshots recomputed: 16
Sample logins:
[credential-like test output redacted]
[credential-like test output redacted]
[credential-like test output redacted]
seed_demo_data completed successfully.
Admin login: ADMIN / admin123
[credential-like test output redacted]
Demo users seeded: 15
Demo hospitals seeded: 2
Demo departments seeded: 2
Hospital-department links: 4
Resident training records: 8
Rotation assignments: 24
Workshop completions: 8
Eligibility snapshots recomputed: 16
Sample logins:
[credential-like test output redacted]
[credential-like test output redacted]
[credential-like test output redacted]
ok
test_backfills_supervisor_missing_home_fields (sims.users.test_userbase_api.BackfillHomeAffiliationCommandTests.test_backfills_supervisor_missing_home_fields) ... SupervisorProfile backfill_supervisor: setting home_hospital, home_department
Updated 1 user(s).
ok
test_does_not_overwrite_existing_home_fields (sims.users.test_userbase_api.BackfillHomeAffiliationCommandTests.test_does_not_overwrite_existing_home_fields) ... SupervisorProfile backfill_existing: setting home_department
Updated 1 user(s).
ok
test_dry_run_makes_no_changes (sims.users.test_userbase_api.BackfillHomeAffiliationCommandTests.test_dry_run_makes_no_changes) ... [dry-run] SupervisorProfile backfill_dry_run: setting home_hospital, home_department
Would update 1 user(s).
ok
test_new_resident_gets_home_affiliation_synced (sims.users.test_userbase_api.CreateUserWithProfileHomeAffiliationTests.test_new_resident_gets_home_affiliation_synced) ... ok
test_new_supervisor_gets_home_affiliation_synced (sims.users.test_userbase_api.CreateUserWithProfileHomeAffiliationTests.test_new_supervisor_gets_home_affiliation_synced) ... ok
test_user_without_profile_hospital_department_has_no_home_affiliation (sims.users.test_userbase_api.CreateUserWithProfileHomeAffiliationTests.test_user_without_profile_hospital_department_has_no_home_affiliation) ... ok
test_recompute_and_patch_generate_audit (sims.users.test_userbase_api.DataQualityAdminApiTests.test_recompute_and_patch_generate_audit) ... ok
test_resident_without_training_record_or_supervisor_link_is_incomplete (sims.users.test_userbase_api.DataQualityAdminApiTests.test_resident_without_training_record_or_supervisor_link_is_incomplete) ... ok
test_summary_and_users_require_admin (sims.users.test_userbase_api.DataQualityAdminApiTests.test_summary_and_users_require_admin) ... Forbidden: /api/admin/data-quality/summary
ok
test_training_record_issues_propagate_to_user_issues (sims.users.test_userbase_api.DataQualityAdminApiTests.test_training_record_issues_propagate_to_user_issues) ... ok
test_apply_updates_and_audits (sims.users.test_userbase_api.ImportCorrectionsCommandTests.test_apply_updates_and_audits) ... Mode=APPLY updated=2 skipped=0 errors=0
ok
test_dry_run_does_not_mutate (sims.users.test_userbase_api.ImportCorrectionsCommandTests.test_dry_run_does_not_mutate) ... row 2: user.email dq_res_cmd@pilot-placeholder.local -> resident.one@example.com
Mode=DRY-RUN updated=1 skipped=0 errors=0
ok
test_hospital_department_pair_is_unique (sims.users.test_userbase_api.UserbasePermissionAndConstraintTests.test_hospital_department_pair_is_unique) ... ok
test_resident_cannot_create_departments (sims.users.test_userbase_api.UserbasePermissionAndConstraintTests.test_resident_cannot_create_departments) ... Forbidden: /api/departments/
ok
test_supervision_assignment_role_constraints (sims.users.test_userbase_api.UserbasePermissionAndConstraintTests.test_supervision_assignment_role_constraints) ... ok
test_supervisor_cannot_create_users (sims.users.test_userbase_api.UserbasePermissionAndConstraintTests.test_supervisor_cannot_create_users) ... Forbidden: /api/users/
ok
test_utrmc_admin_can_create_supervision_assignment (sims.users.test_userbase_api.UserbasePermissionAndConstraintTests.test_utrmc_admin_can_create_supervision_assignment) ... ok
test_utrmc_admin_org_graph_routes_cover_roster_and_matrix_actions (sims.users.test_userbase_api.UserbasePermissionAndConstraintTests.test_utrmc_admin_org_graph_routes_cover_roster_and_matrix_actions) ... ok
test_utrmc_user_is_read_only_on_org_graph_mutations (sims.users.test_userbase_api.UserbasePermissionAndConstraintTests.test_utrmc_user_is_read_only_on_org_graph_mutations) ... Forbidden: /api/departments/1/roster/
Forbidden: /api/supervision/assignments/
Forbidden: /api/hospital-departments/1/
Forbidden: /api/users/
ok
test_supervisor_can_retrieve_self_but_not_other_users (sims.users.test_userbase_api.UserbaseReadScopeTests.test_supervisor_can_retrieve_self_but_not_other_users) ... Not Found: /api/users/3/
ok
test_supervisor_get_users_list_returns_only_self (sims.users.test_userbase_api.UserbaseReadScopeTests.test_supervisor_get_users_list_returns_only_self) ... ok
test_change_password_clears_must_change_password_flag (sims.users.tests.UserAPIAuthTests.test_change_password_clears_must_change_password_flag) ... ok
test_change_password_wrong_old_password_leaves_flag_unchanged (sims.users.tests.UserAPIAuthTests.test_change_password_wrong_old_password_leaves_flag_unchanged) ... Bad Request: /api/auth/change-password/
ok
test_login_returns_token (sims.users.tests.UserAPIAuthTests.test_login_returns_token) ... ok
test_me_returns_user (sims.users.tests.UserAPIAuthTests.test_me_returns_user) ... ok
test_password_reset_returns_generic_success_when_email_send_fails (sims.users.tests.UserAPIAuthTests.test_password_reset_returns_generic_success_when_email_send_fails) ... ok
test_unauthenticated_me_rejected (sims.users.tests.UserAPIAuthTests.test_unauthenticated_me_rejected) ... Unauthorized: /api/auth/me/
ok
test_is_admin_property (sims.users.tests.UserModelBasicTests.test_is_admin_property) ... ok
test_pilot_pg_bootstrap_creates_active_training_record (sims.users.tests.UserModelBasicTests.test_pilot_pg_bootstrap_creates_active_training_record) ... ok
test_roles_set (sims.users.tests.UserModelBasicTests.test_roles_set) ... ok
test_str (sims.users.tests.UserModelBasicTests.test_str) ... ok
test_support_staff_cannot_list_supervision_assignments (sims.users.tests.UserbaseReadOnlyScopeTests.test_support_staff_cannot_list_supervision_assignments) ... Forbidden: /api/supervision/assignments/
ok
test_support_staff_user_list_is_self_scoped (sims.users.tests.UserbaseReadOnlyScopeTests.test_support_staff_user_list_is_self_scoped) ... ok
test_utrmc_user_cannot_create_users (sims.users.tests.UserbaseReadOnlyScopeTests.test_utrmc_user_cannot_create_users) ... Forbidden: /api/users/
ok
test_schema_endpoint_returns_openapi_document (sims_project.tests.OpenAPISchemaGateTests.test_schema_endpoint_returns_openapi_document) ... /tmp/repo/backend/sims/academics/views.py: Error [AdminAcademicWorkflowOverviewView]: unable to guess serializer. This is graceful fallback handling for APIViews. Consider using GenericAPIView as view base class, if view is under your control. Either way you may want to add a serializer_class (or method). Ignoring view for now.
/tmp/repo/backend/sims/academics/views.py: Error [AcademicDataQualityView]: unable to guess serializer. This is graceful fallback handling for APIViews. Consider using GenericAPIView as view base class, if view is under your control. Either way you may want to add a serializer_class (or method). Ignoring view for now.
/tmp/repo/backend/sims/academics/views.py: Error [AdminDashboardMonitoringView]: unable to guess serializer. This is graceful fallback handling for APIViews. Consider using GenericAPIView as view base class, if view is under your control. Either way you may want to add a serializer_class (or method). Ignoring view for now.
/tmp/repo/backend/sims/academics/views.py: Error [DepartmentMonitoringSummaryView]: unable to guess serializer. This is graceful fallback handling for APIViews. Consider using GenericAPIView as view base class, if view is under your control. Either way you may want to add a serializer_class (or method). Ignoring view for now.
/tmp/repo/backend/sims/academics/views.py: Error [MyProgressMonitoringView]: unable to guess serializer. This is graceful fallback handling for APIViews. Consider using GenericAPIView as view base class, if view is under your control. Either way you may want to add a serializer_class (or method). Ignoring view for now.
/tmp/repo/backend/sims/academics/views.py: Error [ProgramMonitoringSummaryView]: unable to guess serializer. This is graceful fallback handling for APIViews. Consider using GenericAPIView as view base class, if view is under your control. Either way you may want to add a serializer_class (or method). Ignoring view for now.
/tmp/repo/backend/sims/academics/views.py: Error [SessionMonitoringSummaryView]: unable to guess serializer. This is graceful fallback handling for APIViews. Consider using GenericAPIView as view base class, if view is under your control. Either way you may want to add a serializer_class (or method). Ignoring view for now.
/tmp/repo/backend/sims/academics/views.py: Error [SupervisorDashboardMonitoringView]: unable to guess serializer. This is graceful fallback handling for APIViews. Consider using GenericAPIView as view base class, if view is under your control. Either way you may want to add a serializer_class (or method). Ignoring view for now.
/tmp/repo/backend/sims/academics/views.py: Error [MyAcademicProgressView]: unable to guess serializer. This is graceful fallback handling for APIViews. Consider using GenericAPIView as view base class, if view is under your control. Either way you may want to add a serializer_class (or method). Ignoring view for now.
/tmp/repo/backend/sims/academics/views.py: Error [AcademicOptionsView]: unable to guess serializer. This is graceful fallback handling for APIViews. Consider using GenericAPIView as view base class, if view is under your control. Either way you may want to add a serializer_class (or method). Ignoring view for now.
/tmp/repo/backend/sims/academics/views.py: Error [AcademicOverviewView]: unable to guess serializer. This is graceful fallback handling for APIViews. Consider using GenericAPIView as view base class, if view is under your control. Either way you may want to add a serializer_class (or method). Ignoring view for now.
/tmp/repo/backend/sims/academics/views.py: Error [DataQualityReportView]: unable to guess serializer. This is graceful fallback handling for APIViews. Consider using GenericAPIView as view base class, if view is under your control. Either way you may want to add a serializer_class (or method). Ignoring view for now.
/tmp/repo/backend/sims/academics/views.py: Error [DataQualityReportExportCSVView]: unable to guess serializer. This is graceful fallback handling for APIViews. Consider using GenericAPIView as view base class, if view is under your control. Either way you may want to add a serializer_class (or method). Ignoring view for now.
/tmp/repo/backend/sims/academics/views.py: Error [EvaluationReportView]: unable to guess serializer. This is graceful fallback handling for APIViews. Consider using GenericAPIView as view base class, if view is under your control. Either way you may want to add a serializer_class (or method). Ignoring view for now.
/tmp/repo/backend/sims/academics/views.py: Error [EvaluationReportExportCSVView]: unable to guess serializer. This is graceful fallback handling for APIViews. Consider using GenericAPIView as view base class, if view is under your control. Either way you may want to add a serializer_class (or method). Ignoring view for now.
/tmp/repo/backend/sims/academics/views.py: Error [LogbookReportView]: unable to guess serializer. This is graceful fallback handling for APIViews. Consider using GenericAPIView as view base class, if view is under your control. Either way you may want to add a serializer_class (or method). Ignoring view for now.
/tmp/repo/backend/sims/academics/views.py: Error [LogbookReportExportCSVView]: unable to guess serializer. This is graceful fallback handling for APIViews. Consider using GenericAPIView as view base class, if view is under your control. Either way you may want to add a serializer_class (or method). Ignoring view for now.
/tmp/repo/backend/sims/academics/views.py: Error [ResidentProgressReportView]: unable to guess serializer. This is graceful fallback handling for APIViews. Consider using GenericAPIView as view base class, if view is under your control. Either way you may want to add a serializer_class (or method). Ignoring view for now.
/tmp/repo/backend/sims/academics/views.py: Error [ResidentProgressReportDetailView]: unable to guess serializer. This is graceful fallback handling for APIViews. Consider using GenericAPIView as view base class, if view is under your control. Either way you may want to add a serializer_class (or method). Ignoring view for now.
/tmp/repo/backend/sims/academics/views.py: Error [ResidentProgressExportCSVView]: unable to guess serializer. This is graceful fallback handling for APIViews. Consider using GenericAPIView as view base class, if view is under your control. Either way you may want to add a serializer_class (or method). Ignoring view for now.
/tmp/repo/backend/sims/academics/views.py: Error [SupervisorWorkloadReportView]: unable to guess serializer. This is graceful fallback handling for APIViews. Consider using GenericAPIView as view base class, if view is under your control. Either way you may want to add a serializer_class (or method). Ignoring view for now.
/tmp/repo/backend/sims/academics/views.py: Error [SupervisorWorkloadReportDetailView]: unable to guess serializer. This is graceful fallback handling for APIViews. Consider using GenericAPIView as view base class, if view is under your control. Either way you may want to add a serializer_class (or method). Ignoring view for now.
/tmp/repo/backend/sims/academics/views.py: Error [SupervisorWorkloadExportCSVView]: unable to guess serializer. This is graceful fallback handling for APIViews. Consider using GenericAPIView as view base class, if view is under your control. Either way you may want to add a serializer_class (or method). Ignoring view for now.
/tmp/repo/backend/sims/academics/views.py: Error [ResidentAcademicProgressView]: unable to guess serializer. This is graceful fallback handling for APIViews. Consider using GenericAPIView as view base class, if view is under your control. Either way you may want to add a serializer_class (or method). Ignoring view for now.
/tmp/repo/backend/sims/academics/views.py: Error [ResidentAcademicSummaryView]: unable to guess serializer. This is graceful fallback handling for APIViews. Consider using GenericAPIView as view base class, if view is under your control. Either way you may want to add a serializer_class (or method). Ignoring view for now.
/tmp/repo/backend/sims/academics/views.py: Error [MyResidentAcademicSummaryView]: unable to guess serializer. This is graceful fallback handling for APIViews. Consider using GenericAPIView as view base class, if view is under your control. Either way you may want to add a serializer_class (or method). Ignoring view for now.
/tmp/repo/backend/sims/academics/views.py: Error [AcademicSeedView]: unable to guess serializer. This is graceful fallback handling for APIViews. Consider using GenericAPIView as view base class, if view is under your control. Either way you may want to add a serializer_class (or method). Ignoring view for now.
/tmp/repo/backend/sims/academics/views.py: Error [AcademicWorkflowSeedView]: unable to guess serializer. This is graceful fallback handling for APIViews. Consider using GenericAPIView as view base class, if view is under your control. Either way you may want to add a serializer_class (or method). Ignoring view for now.
/tmp/repo/backend/sims/academics/views.py: Error [SupervisorAcademicWorkloadView]: unable to guess serializer. This is graceful fallback handling for APIViews. Consider using GenericAPIView as view base class, if view is under your control. Either way you may want to add a serializer_class (or method). Ignoring view for now.
/tmp/repo/backend/sims/academics/views.py: Error [SupervisorAcademicSummaryView]: unable to guess serializer. This is graceful fallback handling for APIViews. Consider using GenericAPIView as view base class, if view is under your control. Either way you may want to add a serializer_class (or method). Ignoring view for now.
/tmp/repo/backend/sims/academics/views.py: Error [MySupervisorAcademicSummaryView]: unable to guess serializer. This is graceful fallback handling for APIViews. Consider using GenericAPIView as view base class, if view is under your control. Either way you may want to add a serializer_class (or method). Ignoring view for now.
/tmp/repo/backend/sims/academics/views.py: Error [AcademicWorkflowDataQualityView]: unable to guess serializer. This is graceful fallback handling for APIViews. Consider using GenericAPIView as view base class, if view is under your control. Either way you may want to add a serializer_class (or method). Ignoring view for now.
/tmp/repo/backend/sims/users/userbase_views.py: Error [CompleteProfileView]: unable to guess serializer. This is graceful fallback handling for APIViews. Consider using GenericAPIView as view base class, if view is under your control. Either way you may want to add a serializer_class (or method). Ignoring view for now.
/tmp/repo/backend/sims/users/onboarding_api.py: Error [ResidentOnboardingView]: unable to guess serializer. This is graceful fallback handling for APIViews. Consider using GenericAPIView as view base class, if view is under your control. Either way you may want to add a serializer_class (or method). Ignoring view for now.
/tmp/repo/backend/sims/backup_center/views.py: Error [DeleteBackupView]: unable to guess serializer. This is graceful fallback handling for APIViews. Consider using GenericAPIView as view base class, if view is under your control. Either way you may want to add a serializer_class (or method). Ignoring view for now.
/tmp/repo/backend/sims/backup_center/views.py: Error [DownloadBackupView]: unable to guess serializer. This is graceful fallback handling for APIViews. Consider using GenericAPIView as view base class, if view is under your control. Either way you may want to add a serializer_class (or method). Ignoring view for now.
/tmp/repo/backend/sims/backup_center/views.py: Error [GoogleDriveDownloadBackupView]: unable to guess serializer. This is graceful fallback handling for APIViews. Consider using GenericAPIView as view base class, if view is under your control. Either way you may want to add a serializer_class (or method). Ignoring view for now.
/tmp/repo/backend/sims/backup_center/views.py: Error [GoogleDriveUploadBackupView]: unable to guess serializer. This is graceful fallback handling for APIViews. Consider using GenericAPIView as view base class, if view is under your control. Either way you may want to add a serializer_class (or method). Ignoring view for now.
/tmp/repo/backend/sims/backup_center/views.py: Error [GoogleDriveVerifyBackupView]: unable to guess serializer. This is graceful fallback handling for APIViews. Consider using GenericAPIView as view base class, if view is under your control. Either way you may want to add a serializer_class (or method). Ignoring view for now.
/tmp/repo/backend/sims/backup_center/views.py: Error [ValidateBackupJobView]: unable to guess serializer. This is graceful fallback handling for APIViews. Consider using GenericAPIView as view base class, if view is under your control. Either way you may want to add a serializer_class (or method). Ignoring view for now.
/tmp/repo/backend/sims/backup_center/views.py: Error [CreateDisasterBackupView]: unable to guess serializer. This is graceful fallback handling for APIViews. Consider using GenericAPIView as view base class, if view is under your control. Either way you may want to add a serializer_class (or method). Ignoring view for now.
/tmp/repo/backend/sims/backup_center/views.py: Error [CreateRoutineBackupView]: unable to guess serializer. This is graceful fallback handling for APIViews. Consider using GenericAPIView as view base class, if view is under your control. Either way you may want to add a serializer_class (or method). Ignoring view for now.
/tmp/repo/backend/sims/backup_center/views.py: Error [GoogleDriveConnectView]: unable to guess serializer. This is graceful fallback handling for APIViews. Consider using GenericAPIView as view base class, if view is under your control. Either way you may want to add a serializer_class (or method). Ignoring view for now.
/tmp/repo/backend/sims/backup_center/views.py: Error [GoogleDriveCreateFolderView]: unable to guess serializer. This is graceful fallback handling for APIViews. Consider using GenericAPIView as view base class, if view is under your control. Either way you may want to add a serializer_class (or method). Ignoring view for now.
/tmp/repo/backend/sims/backup_center/views.py: Error [GoogleDriveDisconnectView]: unable to guess serializer. This is graceful fallback handling for APIViews. Consider using GenericAPIView as view base class, if view is under your control. Either way you may want to add a serializer_class (or method). Ignoring view for now.
/tmp/repo/backend/sims/backup_center/views.py: Error [GoogleDriveHealthCheckView]: unable to guess serializer. This is graceful fallback handling for APIViews. Consider using GenericAPIView as view base class, if view is under your control. Either way you may want to add a serializer_class (or method). Ignoring view for now.
/tmp/repo/backend/sims/backup_center/views.py: Error [GoogleDriveListView]: unable to guess serializer. This is graceful fallback handling for APIViews. Consider using GenericAPIView as view base class, if view is under your control. Either way you may want to add a serializer_class (or method). Ignoring view for now.
/tmp/repo/backend/sims/backup_center/views.py: Error [GoogleDriveOAuthCallbackView]: unable to guess serializer. This is graceful fallback handling for APIViews. Consider using GenericAPIView as view base class, if view is under your control. Either way you may want to add a serializer_class (or method). Ignoring view for now.
/tmp/repo/backend/sims/backup_center/views.py: Error [GoogleDriveStatusView]: unable to guess serializer. This is graceful fallback handling for APIViews. Consider using GenericAPIView as view base class, if view is under your control. Either way you may want to add a serializer_class (or method). Ignoring view for now.
/tmp/repo/backend/sims/backup_center/views.py: Error [ConfirmRestoreView]: unable to guess serializer. This is graceful fallback handling for APIViews. Consider using GenericAPIView as view base class, if view is under your control. Either way you may want to add a serializer_class (or method). Ignoring view for now.
/tmp/repo/backend/sims/backup_center/views.py: Error [DryRunRestoreView]: unable to guess serializer. This is graceful fallback handling for APIViews. Consider using GenericAPIView as view base class, if view is under your control. Either way you may want to add a serializer_class (or method). Ignoring view for now.
/tmp/repo/backend/sims/backup_center/views.py: Error [ValidateRestoreJobView]: unable to guess serializer. This is graceful fallback handling for APIViews. Consider using GenericAPIView as view base class, if view is under your control. Either way you may want to add a serializer_class (or method). Ignoring view for now.
/tmp/repo/backend/sims/backup_center/views.py: Error [UploadRestoreFileView]: unable to guess serializer. This is graceful fallback handling for APIViews. Consider using GenericAPIView as view base class, if view is under your control. Either way you may want to add a serializer_class (or method). Ignoring view for now.
/tmp/repo/backend/sims/bulk/views.py: Error [FlexibleImportApplyView]: unable to guess serializer. This is graceful fallback handling for APIViews. Consider using GenericAPIView as view base class, if view is under your control. Either way you may want to add a serializer_class (or method). Ignoring view for now.
/tmp/repo/backend/sims/bulk/views.py: Error [FlexibleDetectHeadersView]: unable to guess serializer. This is graceful fallback handling for APIViews. Consider using GenericAPIView as view base class, if view is under your control. Either way you may want to add a serializer_class (or method). Ignoring view for now.
/tmp/repo/backend/sims/bulk/views.py: Error [FlexibleDryRunView]: unable to guess serializer. This is graceful fallback handling for APIViews. Consider using GenericAPIView as view base class, if view is under your control. Either way you may want to add a serializer_class (or method). Ignoring view for now.
/tmp/repo/backend/sims/bulk/views.py: Warning [MappingPresetViewSet]: Failed to obtain model through view's queryset due to raised exception. Prevent this either by setting "queryset = Model.objects.none()" on the view, checking for "getattr(self, "swagger_fake_view", False)" in get_queryset() or by simply using @extend_schema. (Exception: Field 'id' expected a number but got <django.contrib.auth.models.AnonymousUser object at 0x79f2ad524990>.)
/tmp/repo/backend/sims/bulk/views.py: Error [FlexibleValidateMappingView]: unable to guess serializer. This is graceful fallback handling for APIViews. Consider using GenericAPIView as view base class, if view is under your control. Either way you may want to add a serializer_class (or method). Ignoring view for now.
/tmp/repo/backend/sims_project/urls.py: Error [ResidentDashboardAPI]: unable to guess serializer. This is graceful fallback handling for APIViews. Consider using GenericAPIView as view base class, if view is under your control. Either way you may want to add a serializer_class (or method). Ignoring view for now.
/tmp/repo/backend/sims/notifications/serializers.py: Warning [NotificationListView > NotificationSerializer]: unable to resolve type hint for function "get_target". Consider using a type hint or @extend_schema_field. Defaulting to string.
/tmp/repo/backend/sims/notifications/views.py: Error [MobileDeviceRegistrationView]: unable to guess serializer. This is graceful fallback handling for APIViews. Consider using GenericAPIView as view base class, if view is under your control. Either way you may want to add a serializer_class (or method). Ignoring view for now.
/tmp/repo/backend/sims/users/onboarding_api.py: Warning [PendingSupervisorViewSet]: Failed to obtain model through view's queryset due to raised exception. Prevent this either by setting "queryset = Model.objects.none()" on the view, checking for "getattr(self, "swagger_fake_view", False)" in get_queryset() or by simply using @extend_schema. (Exception: You do not have permission to perform this action.)
/tmp/repo/backend/sims/users/onboarding_api.py: Warning [PendingSupervisorViewSet]: could not derive type of path parameter "id" because it is untyped and obtaining queryset from the viewset failed. Consider adding a type to the path (e.g. <int:id>) or annotating the parameter type with @extend_schema. Defaulting to "string".
/tmp/repo/backend/sims/users/onboarding_api.py: Error [ResidentOnboardingStateView]: unable to guess serializer. This is graceful fallback handling for APIViews. Consider using GenericAPIView as view base class, if view is under your control. Either way you may want to add a serializer_class (or method). Ignoring view for now.
/tmp/repo/backend/sims/training/serializers.py: Warning [ResidentTrainingRecordViewSet > ResidentTrainingRecordSerializer]: Encountered 2 components with identical names "ResidentTrainingRecord" and different identities <class 'sims.training.serializers.ResidentTrainingRecordSerializer'> and <class 'sims.academics.serializers.ResidentTrainingRecordSerializer'>. This will very likely result in an incorrect schema. Try renaming one.
/tmp/repo/backend/sims/training/views.py: Warning [ResidentTrainingRecordViewSet]: Encountered 2 components with identical names "PaginatedResidentTrainingRecordList" and different identities <class 'sims.training.serializers.ResidentTrainingRecordSerializer'> and <class 'sims.academics.serializers.ResidentTrainingRecordSerializer'>. This will very likely result in an incorrect schema. Try renaming one.
/tmp/repo/backend/sims/training/serializers.py: Warning [ResidentTrainingRecordViewSet > ResidentTrainingRecordSerializer]: Encountered 2 components with identical names "PatchedResidentTrainingRecord" and different identities <class 'sims.training.serializers.ResidentTrainingRecordSerializer'> and <class 'sims.academics.serializers.ResidentTrainingRecordSerializer'>. This will very likely result in an incorrect schema. Try renaming one.
/tmp/repo/backend/sims/supervision/views.py: Warning [ResidentSupervisorAssignmentViewSet]: Failed to obtain model through view's queryset due to raised exception. Prevent this either by setting "queryset = Model.objects.none()" on the view, checking for "getattr(self, "swagger_fake_view", False)" in get_queryset() or by simply using @extend_schema. (Exception: 'AnonymousUser' object has no attribute 'role')
/tmp/repo/backend/sims/supervision/views.py: Warning [ResidentSupervisorAssignmentViewSet]: could not derive type of path parameter "id" because it is untyped and obtaining queryset from the viewset failed. Consider adding a type to the path (e.g. <int:id>) or annotating the parameter type with @extend_schema. Defaulting to "string".
/tmp/repo/backend/sims/supervision/views.py: Error [change_primary_view]: unable to guess serializer. This is graceful fallback handling for APIViews. Consider using GenericAPIView as view base class, if view is under your control. Either way you may want to add a serializer_class (or method). Ignoring view for now.
/tmp/repo/backend/sims/supervision/views.py: Error [supervision_data_quality_view]: unable to guess serializer. This is graceful fallback handling for APIViews. Consider using GenericAPIView as view base class, if view is under your control. Either way you may want to add a serializer_class (or method). Ignoring view for now.
/tmp/repo/backend/sims/supervision/views.py: Error [supervision_import_view]: unable to guess serializer. This is graceful fallback handling for APIViews. Consider using GenericAPIView as view base class, if view is under your control. Either way you may want to add a serializer_class (or method). Ignoring view for now.
/tmp/repo/backend/sims/supervision/views.py: Error [supervision_options_view]: unable to guess serializer. This is graceful fallback handling for APIViews. Consider using GenericAPIView as view base class, if view is under your control. Either way you may want to add a serializer_class (or method). Ignoring view for now.
Warning: operationId "academics_reports_resident_progress_retrieve" has collisions [('/api/academics/reports/resident-progress/', 'get'), ('/api/academics/reports/resident-progress/{resident_id}/', 'get')]. resolving with numeral suffixes.
Warning: operationId "academics_reports_supervisor_workload_retrieve" has collisions [('/api/academics/reports/supervisor-workload/', 'get'), ('/api/academics/reports/supervisor-workload/{supervisor_id}/', 'get')]. resolving with numeral suffixes.
Slow request: GET /api/schema/ took 1444ms
ok
test_middleware_adds_timing_header (sims_project.tests.PerformanceTimingMiddlewareTests.test_middleware_adds_timing_header)
Test that middleware adds X-Response-Time header. ... ok
test_middleware_handles_anonymous_user (sims_project.tests.PerformanceTimingMiddlewareTests.test_middleware_handles_anonymous_user)
Test middleware with anonymous user. ... ok
test_middleware_tracks_post_requests (sims_project.tests.PerformanceTimingMiddlewareTests.test_middleware_tracks_post_requests)
Test middleware with POST request. ... ok
test_production_wsgi_app_never_registers_media_with_whitenoise (sims_project.tests.WsgiMediaExposureTests.test_production_wsgi_app_never_registers_media_with_whitenoise) ... /home/sims/.local/lib/python3.11/site-packages/django/core/handlers/base.py:61: UserWarning: No directory at: /tmp/repo/backend/staticfiles/
  mw_instance = middleware(adapted_handler)
/tmp/repo/backend/sims_project/wsgi.py:45: UserWarning: No directory at: /tmp/repo/backend/staticfiles/
  application = WhiteNoise(application, root=BASE_DIR / 'staticfiles')
Not Found: /media/resident_documents/__wsgi_media_exposure_probe__.txt
ok
test_canonical_caddyfile_routes_both_domains (sims.tests.test_deployment_domain_config.DeploymentDomainConfigTests.test_canonical_caddyfile_routes_both_domains) ... ok
test_primary_frontend_api_url_defaults_to_new_domain_in_production_variants (sims.tests.test_deployment_domain_config.DeploymentDomainConfigTests.test_primary_frontend_api_url_defaults_to_new_domain_in_production_variants) ... ok
test_production_settings_and_compose_defaults_include_new_domain (sims.tests.test_deployment_domain_config.DeploymentDomainConfigTests.test_production_settings_and_compose_defaults_include_new_domain) ... ok
test_nested_dashboard_serializer (sims.tests.test_small_modules_coverage_push3.DashboardSerializerCoverageTests.test_nested_dashboard_serializer) ... ok
test_date_and_chronology_validators (sims.tests.test_small_modules_coverage_push3.DomainValidatorCoverageTests.test_date_and_chronology_validators) ... ok
test_supervisor_and_text_validation (sims.tests.test_small_modules_coverage_push3.DomainValidatorCoverageTests.test_supervisor_and_text_validation) ... ok
test_csv_bytes (sims.tests.test_small_modules_coverage_push3.PilotBundleHelperCoverageTests.test_csv_bytes) ... ok
test_mapping_rows (sims.tests.test_small_modules_coverage_push3.PilotBundleHelperCoverageTests.test_mapping_rows) ... ok
test_normalizers_and_dedupe (sims.tests.test_small_modules_coverage_push3.PilotBundleHelperCoverageTests.test_normalizers_and_dedupe) ... ok
test_simultaneous_replay_inserts_exactly_once (sims.training.tests.LeaveIdempotencyConcurrencyTest.test_simultaneous_replay_inserts_exactly_once) ... skipped 'PostgreSQL concurrent unique-key gate runs separately'
test_refuses_any_non_production_environment (sims.users.tests.PrepareAndroidProductionE2ECommandTests.test_refuses_any_non_production_environment) ... ok
test_requires_an_external_strong_password (sims.users.tests.PrepareAndroidProductionE2ECommandTests.test_requires_an_external_strong_password) ... ok

----------------------------------------------------------------------
Ran 928 tests in 87.707s

OK (skipped=1)
Destroying test database for alias 'default' ('/tmp/test-verification.sqlite3')...
